phase,batter,runs,balls,sixes,fours,sr,bpct
Death,MS Dhoni,3442,1965,205,252,175.16539440203562,23.25699745547074
Death,KA Pollard,2006,1180,141,128,170.0,22.796610169491522
Death,KD Karthik,1891,1091,99,168,173.32722273143906,24.47296058661778
Death,AB de Villiers,1837,829,137,133,221.59227985524728,32.56936067551266
Death,RA Jadeja,1802,1195,81,131,150.7949790794979,17.74058577405858
Death,V Kohli,1520,807,90,114,188.35192069392812,25.27881040892193
Death,RG Sharma,1511,837,92,125,180.52568697729987,25.925925925925924
Death,HH Pandya,1436,838,95,101,171.36038186157518,23.389021479713605
Death,AD Russell,1417,724,127,97,195.71823204419888,30.939226519337016
Death,DA Miller,1372,800,83,91,171.5,21.75
Death,AT Rayudu,1170,692,65,89,169.07514450867052,22.254335260115607
Death,YK Pathan,1121,696,56,93,161.0632183908046,21.408045977011493
Death,RR Pant,989,492,73,80,201.01626016260164,31.097560975609756
Death,AR Patel,957,623,53,57,153.6115569823435,17.656500802568218
Death,SO Hetmyer,933,534,64,59,174.7191011235955,23.03370786516854
Death,DJ Bravo,896,516,49,62,173.64341085271317,21.511627906976745
Death,Yuvraj Singh,894,494,68,60,180.97165991902835,25.910931174089068
Death,SK Raina,888,521,42,68,170.44145873320537,21.113243761996163
Death,JP Duminy,880,516,48,56,170.54263565891472,20.155038759689923
Death,MP Stoinis,851,480,51,66,177.29166666666666,24.375
Death,KL Rahul,838,472,42,68,177.54237288135593,23.30508474576271
Death,N Pooran,833,476,58,58,175.0,24.369747899159663
Death,SA Yadav,809,451,45,82,179.3791574279379,28.159645232815965
Death,R Tewatia,802,480,48,67,167.08333333333334,23.958333333333336
Death,SV Samson,780,407,53,56,191.64619164619165,26.78132678132678
Death,JC Buttler,720,371,48,53,194.0700808625337,27.22371967654987
Death,MK Pandey,703,466,31,47,150.85836909871244,16.738197424892704
Death,KH Pandya,702,447,31,63,157.04697986577182,21.02908277404922
Death,SPD Smith,679,426,27,60,159.38967136150234,20.422535211267608
Death,SS Iyer,668,370,42,49,180.54054054054055,24.594594594594597
Death,TH David,665,350,50,43,190.0,26.571428571428573
Death,IK Pathan,662,441,26,60,150.11337868480726,19.501133786848072
Death,S Dhawan,662,418,21,69,158.37320574162678,21.5311004784689
Death,JA Morkel,629,404,38,38,155.6930693069307,18.81188118811881
Death,DA Warner,628,352,31,55,178.4090909090909,24.431818181818183
Death,S Dube,621,372,47,35,166.93548387096774,22.043010752688172
Death,RK Singh,620,333,38,56,186.18618618618618,28.22822822822823
Death,Harbhajan Singh,616,409,35,55,150.61124694376528,22.00488997555012
Death,BJ Hodge,605,368,24,52,164.40217391304347,20.652173913043477
Death,GJ Maxwell,603,338,37,50,178.4023668639053,25.7396449704142
Death,MK Tiwary,592,409,17,55,144.74327628361857,17.6039119804401
Death,H Klaasen,574,291,37,42,197.25085910652922,27.147766323024054
Death,F du Plessis,567,314,28,49,180.5732484076433,24.522292993630572
Death,RV Uthappa,565,323,35,40,174.92260061919504,23.219814241486066
Death,CH Gayle,563,280,47,39,201.07142857142856,30.714285714285715
Death,WP Saha,557,353,24,40,157.79036827195466,18.13031161473088
Death,R Parag,556,343,37,38,162.0991253644315,21.865889212827987
Death,KM Jadhav,552,401,26,40,137.65586034912718,16.458852867830423
Death,EJG Morgan,516,314,35,31,164.33121019108282,21.019108280254777
Death,A Badoni,514,313,23,40,164.21725239616615,20.12779552715655
Death,V Shankar,510,308,30,30,165.58441558441558,19.480519480519483
Death,AM Rahane,508,321,19,45,158.25545171339564,19.937694704049843
Death,Abdul Samad,501,297,37,28,168.68686868686868,21.885521885521886
Death,Rashid Khan,494,297,36,35,166.32996632996634,23.905723905723907
Death,CH Morris,493,297,28,31,165.993265993266,19.865319865319865
Death,R Ashwin,475,355,18,37,133.80281690140845,15.492957746478872
Death,KS Williamson,457,275,13,46,166.1818181818182,21.454545454545453
Death,PP Chawla,452,371,15,43,121.83288409703503,15.633423180592992
Death,SS Tiwary,452,312,17,34,144.87179487179486,16.346153846153847
Death,DJ Hooda,451,315,23,26,143.17460317460316,15.555555555555555
Death,SM Curran,450,248,26,40,181.4516129032258,26.61290322580645
Death,SR Watson,448,242,26,37,185.12396694214877,26.033057851239672
Death,PJ Cummins,446,269,33,24,165.7992565055762,21.189591078066915
Death,T Stubbs,442,205,26,39,215.609756097561,31.70731707317073
Death,JP Faulkner,436,279,21,30,156.27240143369175,18.27956989247312
Death,Shubman Gill,436,277,19,33,157.40072202166064,18.772563176895307
Death,Shashank Singh,424,219,28,30,193.60730593607306,26.48401826484018
Death,AD Mathews,423,274,19,30,154.3795620437956,17.88321167883212
Death,JM Sharma,423,219,33,30,193.15068493150685,28.767123287671232
Death,N Rana,420,233,26,39,180.25751072961373,27.896995708154503
Death,S Badrinath,419,275,12,42,152.36363636363637,19.636363636363637
Death,Dhruv Jurel,410,229,24,31,179.03930131004367,24.017467248908297
Death,Mandeep Singh,410,274,14,32,149.63503649635038,16.78832116788321
Death,DJ Hussey,404,229,33,18,176.41921397379912,22.270742358078603
Death,NV Ojha,404,292,25,25,138.35616438356163,17.123287671232877
Death,Tilak Varma,404,222,25,32,181.981981981982,25.675675675675674
Death,STR Binny,396,262,19,26,151.14503816793894,17.17557251908397
Death,M Shahrukh Khan,395,237,26,26,166.66666666666669,21.940928270042196
Death,JH Kallis,394,228,17,39,172.80701754385964,24.561403508771928
Death,Y Venugopal Rao,382,249,17,31,153.41365461847388,19.27710843373494
Death,DPMD Jayawardene,372,234,10,40,158.97435897435898,21.367521367521366
Death,Ishan Kishan,360,189,22,32,190.47619047619045,28.57142857142857
Death,CL White,359,192,25,19,186.97916666666669,22.916666666666664
Death,MC Henriques,335,202,14,28,165.84158415841583,20.792079207920793
Death,LS Livingstone,333,151,32,18,220.5298013245033,33.11258278145696
Death,GJ Bailey,324,185,17,23,175.13513513513516,21.62162162162162
Death,Shakib Al Hasan,322,232,10,28,138.79310344827587,16.379310344827587
Death,AM Nayar,307,195,12,30,157.43589743589743,21.53846153846154
Death,LRPL Taylor,305,196,18,20,155.6122448979592,19.387755102040817
Death,DT Christian,302,220,14,17,137.27272727272728,14.09090909090909
Death,A Symonds,292,182,17,17,160.43956043956044,18.681318681318682
Death,P Kumar,292,259,14,18,112.74131274131274,12.355212355212355
Death,Washington Sundar,292,204,10,25,143.13725490196077,17.15686274509804
Death,B Kumar,286,302,3,27,94.70198675496688,9.933774834437086
Death,AJ Finch,282,178,14,22,158.42696629213484,20.224719101123593
Death,Shahbaz Ahmed,278,194,16,16,143.29896907216494,16.49484536082474
Death,MM Ali,277,156,19,22,177.56410256410254,26.282051282051285
Death,KK Nair,275,155,14,24,177.41935483870967,24.516129032258064
Death,SN Khan,273,168,7,32,162.5,23.214285714285715
Death,OA Shah,269,171,13,20,157.30994152046785,19.298245614035086
Death,G Gambhir,268,185,6,28,144.86486486486487,18.37837837837838
Death,Ashutosh Sharma,265,143,18,19,185.3146853146853,25.874125874125873
Death,NLTC Perera,265,174,18,13,152.29885057471265,17.81609195402299
Death,R Vinay Kumar,262,226,9,17,115.929203539823,11.504424778761061
Death,MEK Hussey,261,136,13,24,191.91176470588235,27.205882352941174
Death,A Mishra,259,248,5,23,104.43548387096774,11.29032258064516
Death,RD Gaikwad,259,150,14,21,172.66666666666666,23.333333333333332
Death,P Negi,256,181,11,19,141.43646408839777,16.574585635359114
Death,SE Marsh,254,162,13,17,156.79012345679013,18.51851851851852
Death,MA Agarwal,252,122,16,20,206.55737704918033,29.508196721311474
Death,Naman Dhir,252,123,15,24,204.8780487804878,31.70731707317073
Death,Gurkeerat Singh,251,162,11,25,154.93827160493828,22.22222222222222
Death,R Bhatia,251,172,11,20,145.93023255813952,18.023255813953487
Death,KV Sharma,248,181,15,13,137.01657458563537,15.469613259668508
Death,M Manhas,244,185,7,18,131.8918918918919,13.513513513513514
Death,AK Markram,236,134,14,17,176.11940298507463,23.134328358208954
Death,R Powell,234,121,20,16,193.38842975206612,29.75206611570248
Death,MK Lomror,230,142,11,20,161.9718309859155,21.830985915492956
Death,MV Boucher,228,145,10,18,157.24137931034483,19.310344827586206
Death,B Sai Sudharsan,227,112,14,19,202.67857142857144,29.464285714285715
Death,SR Tendulkar,224,136,6,28,164.70588235294116,25.0
Death,LR Shukla,219,164,9,19,133.53658536585365,17.073170731707318
Death,SN Thakur,219,151,9,21,145.03311258278146,19.867549668874172
Death,BCJ Cutting,216,121,19,12,178.51239669421489,25.6198347107438
Death,A Ashish Reddy,214,146,10,13,146.57534246575344,15.753424657534246
Death,RA Tripathi,214,149,12,15,143.6241610738255,18.120805369127517
Death,RN ten Doeschate,212,140,11,17,151.42857142857142,20.0
Death,Q de Kock,210,103,10,23,203.88349514563106,32.038834951456316
Death,MR Marsh,208,135,15,13,154.07407407407408,20.74074074074074
Death,BA Stokes,206,125,10,16,164.79999999999998,20.8
Death,UT Yadav,205,188,9,16,109.04255319148936,13.297872340425531
Death,Harpreet Brar,204,149,9,15,136.91275167785236,16.10738255033557
Death,JC Archer,204,132,13,11,154.54545454545453,18.181818181818183
Death,C Green,203,102,10,18,199.01960784313727,27.450980392156865
Death,HV Patel,203,155,11,13,130.96774193548387,15.483870967741936
Death,R Dravid,200,119,9,21,168.0672268907563,25.210084033613445
Death,SE Rutherford,196,128,14,12,153.125,20.3125
Death,KC Sangakkara,195,128,4,24,152.34375,21.875
Death,TM Dilshan,191,114,9,16,167.54385964912282,21.929824561403507
Death,SC Ganguly,184,102,15,9,180.3921568627451,23.52941176470588
Death,Kuldeep Yadav,181,196,3,16,92.3469387755102,9.693877551020408
Death,RS Bopara,179,104,10,11,172.1153846153846,20.192307692307693
Death,Y Nagar,179,127,8,15,140.94488188976376,18.11023622047244
Death,JD Unadkat,178,141,6,14,126.24113475177306,14.184397163120568
Death,BB McCullum,177,95,10,13,186.31578947368422,24.210526315789473
Death,Abhishek Sharma,176,110,11,12,160.0,20.909090909090907
Death,CJ Anderson,175,104,15,8,168.26923076923077,22.115384615384613
Death,JO Holder,174,133,12,9,130.82706766917295,15.789473684210526
Death,Bipul Sharma,172,109,9,10,157.7981651376147,17.431192660550458
Death,R Dhawan,168,132,7,12,127.27272727272727,14.393939393939394
Death,DB Ravi Teja,167,120,6,15,139.16666666666666,17.5
Death,DR Smith,167,110,11,10,151.8181818181818,19.090909090909093
Death,K Gowtham,164,87,12,10,188.50574712643677,25.287356321839084
Death,R Sathish,164,118,4,15,138.98305084745763,16.101694915254235
Death,DW Steyn,163,151,3,14,107.94701986754967,11.258278145695364
Death,K Rabada,161,135,8,11,119.25925925925927,14.074074074074074
Death,J Botha,159,123,3,15,129.26829268292684,14.634146341463413
Death,CR Brathwaite,156,78,15,8,200.0,29.48717948717949
Death,MG Johnson,156,143,7,9,109.09090909090908,11.188811188811188
Death,SP Narine,156,121,10,11,128.92561983471074,17.355371900826448
Death,R Shepherd,155,66,14,12,234.84848484848487,39.39393939393939
Death,C de Grandhomme,154,112,10,6,137.5,14.285714285714285
Death,A Manohar,148,94,10,9,157.4468085106383,20.212765957446805
Death,TL Suman,144,106,6,10,135.8490566037736,15.09433962264151
Death,VR Iyer,144,90,7,15,160.0,24.444444444444443
Death,Anuj Rawat,142,81,9,11,175.30864197530863,24.691358024691358
Death,D Padikkal,138,96,2,20,143.75,22.916666666666664
Death,DJG Sammy,136,96,10,7,141.66666666666669,17.708333333333336
Death,SK Warne,136,131,4,10,103.81679389312977,10.687022900763358
Death,MF Maharoof,135,89,7,9,151.68539325842696,17.97752808988764
Death,S Gopal,135,104,2,15,129.80769230769232,16.346153846153847
Death,N Wadhera,133,76,11,9,175.0,26.31578947368421
Death,D Wiese,125,77,7,11,162.33766233766232,23.376623376623375
Death,M Vijay,125,71,7,9,176.05633802816902,22.535211267605636
Death,RD Chahar,125,108,5,13,115.74074074074075,16.666666666666664
Death,RM Patidar,125,67,11,8,186.56716417910448,28.35820895522388
Death,Ramandeep Singh,125,65,10,6,192.30769230769232,24.615384615384617
Death,AB Agarkar,123,91,3,9,135.16483516483518,13.186813186813188
Death,Azhar Mahmood,123,91,5,13,135.16483516483518,19.78021978021978
Death,KP Pietersen,123,69,7,10,178.26086956521738,24.637681159420293
Death,Mohammad Nabi,123,86,6,13,143.0232558139535,22.093023255813954
Death,AS Raut,120,103,6,6,116.50485436893203,11.650485436893204
Death,Nithish Kumar Reddy,118,66,8,8,178.78787878787878,24.242424242424242
Death,SW Billings,118,70,8,6,168.57142857142858,20.0
Death,DB Das,117,96,2,12,121.875,14.583333333333334
Death,M Jansen,117,107,6,6,109.34579439252336,11.214953271028037
Death,B Lee,112,86,7,8,130.2325581395349,17.441860465116278
Death,M Morkel,112,80,5,9,140.0,17.5
Death,Mohammed Siraj,112,121,4,10,92.56198347107438,11.570247933884298
Death,Z Khan,107,108,2,11,99.07407407407408,12.037037037037036
Death,TG Southee,106,79,4,7,134.17721518987344,13.924050632911392
Death,DS Kulkarni,99,98,2,7,101.0204081632653,9.183673469387756
Death,JEC Franklin,97,68,1,11,142.64705882352942,17.647058823529413
Death,DP Conway,96,62,2,11,154.83870967741936,20.967741935483872
Death,RJ Harris,96,86,3,5,111.62790697674419,9.30232558139535
Death,DH Yagnik,95,73,1,12,130.13698630136986,17.80821917808219
Death,PA Patel,95,71,2,9,133.80281690140845,15.492957746478872
Death,AL Menaria,91,78,2,9,116.66666666666667,14.102564102564102
Death,Lalit Yadav,89,77,2,9,115.5844155844156,14.285714285714285
Death,MM Sharma,89,89,3,6,100.0,10.112359550561797
Death,SL Malinga,86,96,5,6,89.58333333333334,11.458333333333332
Death,AB McDonald,80,65,2,5,123.07692307692308,10.76923076923077
Death,CJ Jordan,80,71,3,3,112.67605633802818,8.450704225352112
Death,M Kartik,78,76,1,3,102.63157894736842,5.263157894736842
Death,TA Boult,78,74,3,4,105.40540540540539,9.45945945945946
Death,GH Vihari,77,68,0,8,113.23529411764706,11.76470588235294
Death,MA Starc,74,84,0,7,88.09523809523809,8.333333333333332
Death,P Dogra,73,62,3,3,117.74193548387098,9.67741935483871
Death,Mohammed Shami,70,77,1,6,90.9090909090909,9.090909090909092
Death,RR Powar,67,60,1,6,111.66666666666667,11.666666666666666
Death,R Sharma,65,73,3,5,89.04109589041096,10.95890410958904
Death,JJ Bumrah,63,73,1,4,86.3013698630137,6.8493150684931505
Death,RP Singh,50,70,1,2,71.42857142857143,4.285714285714286
Death,VR Aaron,49,70,2,2,70.0,5.714285714285714
Death,A Nehra,39,60,1,3,65.0,6.666666666666667
Death,YS Chahal,33,63,0,0,52.38095238095239,0.0
Death,S Nadeem,30,66,0,2,45.45454545454545,3.0303030303030303
Middle,V Kohli,4058,3248,129,272,124.9384236453202,12.346059113300493
Middle,RG Sharma,3148,2589,101,250,121.591348010815,13.557358053302435
Middle,SK Raina,3074,2339,106,240,131.4236853356135,14.792646430098333
Middle,S Dhawan,2675,2115,55,242,126.47754137115838,14.042553191489363
Middle,DA Warner,2607,1939,98,176,134.45074780814855,14.130995358432182
Middle,AB de Villiers,2570,1957,93,179,131.32345426673479,13.898824731732242
Middle,SA Yadav,2563,1778,91,245,144.15073115860517,18.89763779527559
Middle,KD Karthik,2536,2074,56,239,122.27579556412729,14.223722275795565
Middle,SV Samson,2536,1849,122,150,137.15521903731747,14.710654407787993
Middle,AT Rayudu,2383,1971,82,177,120.90309487569762,13.140537798072044
Middle,RV Uthappa,2345,1829,97,180,128.21213778020777,15.14488791689448
Middle,KL Rahul,2192,1635,83,143,134.06727828746176,13.822629969418958
Middle,RR Pant,2121,1556,84,182,136.31105398457584,17.09511568123393
Middle,SS Iyer,2103,1566,89,143,134.2911877394636,14.814814814814813
Middle,MK Pandey,2098,1783,61,143,117.6668536174986,11.441390914189569
Middle,CH Gayle,2003,1285,163,102,155.87548638132296,20.622568093385212
Middle,AM Rahane,1997,1639,42,140,121.84258694325808,11.104331909701038
Middle,SR Watson,1997,1302,110,165,153.3794162826421,21.121351766513058
Middle,F du Plessis,1920,1522,65,109,126.14980289093299,11.432325886990801
Middle,MS Dhoni,1908,1898,56,113,100.52687038988408,8.904109589041095
Middle,GJ Maxwell,1776,1163,108,127,152.7085124677558,20.206362854686155
Middle,YK Pathan,1729,1294,89,123,133.61669242658422,16.383307573415763
Middle,Shubman Gill,1724,1204,61,121,143.1893687707641,15.11627906976744
Middle,JC Buttler,1721,1201,67,143,143.29725228975855,17.485428809325562
Middle,N Rana,1688,1251,84,127,134.93205435651478,16.866506794564348
Middle,G Gambhir,1665,1347,19,153,123.60801781737194,12.769116555308091
Middle,Yuvraj Singh,1655,1435,76,130,115.33101045296168,14.355400696864113
Middle,DA Miller,1592,1302,51,117,122.27342549923195,12.903225806451612
Middle,SE Marsh,1448,971,56,134,149.12461380020596,19.567456230690013
Middle,Ishan Kishan,1366,1019,64,96,134.05299313052012,15.701668302257115
Middle,KA Pollard,1352,1086,78,88,124.49355432780847,15.285451197053407
Middle,RA Jadeja,1337,1207,33,93,110.77050538525268,10.439105219552609
Middle,N Pooran,1284,772,96,83,166.32124352331604,23.186528497409327
Middle,SPD Smith,1276,1091,21,96,116.95692025664528,10.724106324472961
Middle,S Dube,1193,877,73,70,136.03192702394526,16.305587229190422
Middle,KS Williamson,1188,937,44,78,126.78762006403414,13.020277481323372
Middle,AD Russell,1174,767,92,82,153.0638852672751,22.685788787483702
Middle,Q de Kock,1165,886,41,91,131.48984198645599,14.89841986455982
Middle,HH Pandya,1159,867,54,83,133.679354094579,15.801614763552479
Middle,BB McCullum,1133,864,49,94,131.13425925925927,16.550925925925927
Middle,MA Agarwal,1092,781,42,85,139.82074263764403,16.261203585147246
Middle,R Dravid,1068,930,12,100,114.83870967741936,12.043010752688172
Middle,RA Tripathi,1059,785,36,85,134.9044585987261,15.414012738853502
Middle,V Sehwag,1054,611,54,96,172.5040916530278,24.549918166939445
Middle,RD Gaikwad,1041,732,44,69,142.21311475409837,15.437158469945356
Middle,DR Smith,1003,675,59,80,148.59259259259258,20.59259259259259
Middle,JH Kallis,995,1010,12,66,98.51485148514851,7.7227722772277225
Middle,WP Saha,987,898,22,65,109.9109131403118,9.688195991091314
Middle,KH Pandya,969,806,33,77,120.22332506203475,13.647642679900745
Middle,SR Tendulkar,967,828,13,93,116.78743961352657,12.80193236714976
Middle,KC Sangakkara,963,810,16,90,118.88888888888889,13.086419753086421
Middle,Tilak Varma,961,707,42,71,135.92644978783594,15.983026874115982
Middle,M Vijay,920,702,38,62,131.05413105413106,14.245014245014245
Middle,JP Duminy,911,876,25,40,103.99543378995433,7.4200913242009126
Middle,AJ Finch,898,658,39,72,136.4741641337386,16.869300911854104
Middle,H Klaasen,890,566,50,53,157.24381625441697,18.19787985865724
Middle,R Parag,889,673,42,60,132.09509658246657,15.156017830609212
Middle,MEK Hussey,887,708,23,69,125.2824858757062,12.994350282485875
Middle,B Sai Sudharsan,881,620,23,77,142.09677419354838,16.129032258064516
Middle,AR Patel,878,739,39,64,118.80920162381597,13.937753721244924
Middle,MK Tiwary,870,806,18,74,107.94044665012407,11.41439205955335
Middle,MP Stoinis,869,674,47,49,128.93175074183975,14.243323442136498
Middle,SS Tiwary,869,764,31,54,113.7434554973822,11.12565445026178
Middle,DJ Hooda,865,688,35,50,125.7267441860465,12.354651162790697
Middle,D Padikkal,856,674,33,66,127.00296735905046,14.688427299703264
Middle,PA Patel,846,718,16,73,117.82729805013928,12.395543175487465
Middle,S Badrinath,837,697,15,85,120.08608321377332,14.347202295552366
Middle,AK Markram,832,641,30,50,129.79719188767552,12.480499219968799
Middle,DPMD Jayawardene,823,727,17,67,113.20495185694635,11.554332874828061
Middle,RM Patidar,810,492,56,41,164.6341463414634,19.715447154471544
Middle,KK Nair,805,654,19,74,123.08868501529051,14.220183486238533
Middle,DJ Hussey,778,726,23,53,107.16253443526172,10.46831955922865
Middle,VR Iyer,722,521,32,51,138.57965451055662,15.930902111324377
Middle,YBK Jaiswal,721,522,29,57,138.1226053639847,16.47509578544061
Middle,EJG Morgan,714,641,26,57,111.38845553822152,12.948517940717629
Middle,Mandeep Singh,662,559,16,50,118.4257602862254,11.806797853309481
Middle,MM Ali,655,484,36,45,135.3305785123967,16.735537190082646
Middle,JM Bairstow,653,464,30,51,140.73275862068965,17.45689655172414
Middle,BJ Hodge,646,582,15,52,110.99656357388317,11.512027491408935
Middle,NV Ojha,645,535,32,37,120.56074766355141,12.897196261682243
Middle,Abhishek Sharma,636,376,44,39,169.14893617021275,22.074468085106382
Middle,SC Ganguly,630,638,17,52,98.7460815047022,10.815047021943574
Middle,AC Gilchrist,611,425,38,41,143.76470588235296,18.58823529411765
Middle,A Symonds,609,481,24,45,126.61122661122661,14.345114345114347
Middle,V Shankar,590,509,16,41,115.91355599214145,11.19842829076621
Middle,MR Marsh,581,430,30,42,135.11627906976744,16.74418604651163
Middle,KM Jadhav,572,488,13,48,117.21311475409837,12.5
Middle,LRPL Taylor,550,501,20,28,109.78043912175647,9.580838323353294
Middle,JM Sharma,548,387,28,45,141.60206718346254,18.863049095607234
Middle,LS Livingstone,539,386,32,33,139.63730569948189,16.83937823834197
Middle,N Wadhera,535,385,25,47,138.96103896103895,18.7012987012987
Middle,DJ Bravo,527,570,11,42,92.45614035087719,9.298245614035087
Middle,Y Venugopal Rao,522,487,20,36,107.18685831622177,11.498973305954825
Middle,DP Conway,520,341,21,45,152.4926686217009,19.35483870967742
Middle,PP Shaw,515,341,24,40,151.02639296187684,18.7683284457478
Middle,CA Lynn,508,370,28,30,137.2972972972973,15.675675675675677
Middle,MC Henriques,504,444,11,42,113.51351351351352,11.936936936936938
Middle,CL White,496,449,11,43,110.46770601336303,12.026726057906458
Middle,RK Singh,495,435,15,35,113.79310344827587,11.494252873563218
Middle,BA Stokes,488,389,15,34,125.44987146529563,12.596401028277635
Middle,SO Hetmyer,487,380,26,28,128.1578947368421,14.210526315789473
Middle,KP Pietersen,486,380,21,34,127.89473684210526,14.473684210526317
Middle,SP Narine,486,279,38,37,174.19354838709677,26.881720430107524
Middle,LMP Simmons,481,356,22,38,135.1123595505618,16.853932584269664
Middle,STR Binny,465,395,16,37,117.72151898734178,13.41772151898734
Middle,TM Dilshan,463,448,7,45,103.34821428571428,11.607142857142858
Middle,Shakib Al Hasan,429,366,10,39,117.21311475409837,13.387978142076504
Middle,P Simran Singh,422,270,28,28,156.29629629629628,20.74074074074074
Middle,A Badoni,419,335,14,31,125.07462686567163,13.432835820895523
Middle,ML Hayden,411,293,19,31,140.2730375426621,17.064846416382252
Middle,IK Pathan,395,437,10,16,90.38901601830663,5.949656750572083
Middle,SM Curran,389,348,10,27,111.7816091954023,10.632183908045976
Middle,TM Head,373,247,18,28,151.01214574898785,18.62348178137652
Middle,HH Gibbs,367,344,12,24,106.6860465116279,10.465116279069768
Middle,TL Suman,347,286,14,23,121.32867132867133,12.937062937062937
Middle,Nithish Kumar Reddy,334,248,15,23,134.6774193548387,15.32258064516129
Middle,M Vohra,330,261,12,24,126.4367816091954,13.793103448275861
Middle,C Green,323,245,17,17,131.83673469387756,13.877551020408163
Middle,D Brevis,321,207,25,16,155.07246376811594,19.806763285024154
Middle,JA Morkel,320,266,16,20,120.30075187969925,13.533834586466165
Middle,Shashank Singh,319,251,15,20,127.09163346613546,13.94422310756972
Middle,M Shahrukh Khan,318,238,23,18,133.61344537815125,17.22689075630252
Middle,R Tewatia,312,329,6,23,94.83282674772036,8.814589665653495
Middle,CJ Anderson,311,256,14,25,121.484375,15.234375
Middle,A Raghuvanshi,303,215,8,29,140.93023255813955,17.209302325581397
Middle,PD Salt,298,167,17,27,178.4431137724551,26.34730538922156
Middle,AM Nayar,297,307,7,17,96.74267100977198,7.81758957654723
Middle,AL Menaria,296,268,14,15,110.44776119402985,10.820895522388058
Middle,GC Smith,291,239,8,24,121.75732217573221,13.389121338912133
Middle,AD Mathews,289,282,9,14,102.4822695035461,8.156028368794328
Middle,Abishek Porel,287,200,12,20,143.5,16.0
Middle,R Ashwin,279,276,8,16,101.08695652173914,8.695652173913043
Middle,T Stubbs,278,240,11,12,115.83333333333334,9.583333333333334
Middle,Abdul Samad,271,213,14,19,127.2300469483568,15.492957746478872
Middle,MS Bisla,268,234,10,15,114.52991452991452,10.683760683760683
Middle,Dhruv Jurel,265,209,13,21,126.79425837320575,16.267942583732058
Middle,MK Lomror,265,192,18,10,138.02083333333331,14.583333333333334
Middle,Shahbaz Ahmed,260,242,8,14,107.43801652892562,9.090909090909092
Middle,SW Billings,254,218,11,14,116.51376146788989,11.46788990825688
Middle,ST Jayasuriya,253,165,12,23,153.33333333333334,21.21212121212121
Middle,RR Rossouw,250,168,16,16,148.80952380952382,19.047619047619047
Middle,Azhar Mahmood,243,188,7,23,129.25531914893617,15.957446808510639
Middle,WG Jacks,238,168,14,17,141.66666666666669,18.452380952380953
Middle,Gurkeerat Singh,225,223,0,24,100.89686098654708,10.762331838565023
Middle,M Manhas,224,232,2,19,96.55172413793103,9.051724137931034
Middle,RS Bopara,222,205,3,17,108.29268292682927,9.75609756097561
Middle,SN Khan,218,212,3,20,102.8301886792453,10.849056603773585
Middle,OA Shah,213,199,8,13,107.03517587939699,10.552763819095476
Middle,DJ Mitchell,208,151,8,14,137.74834437086093,14.56953642384106
Middle,GJ Bailey,205,229,2,12,89.51965065502183,6.11353711790393
Middle,J Botha,204,183,1,18,111.47540983606557,10.382513661202186
Middle,E Lewis,202,170,13,10,118.82352941176471,13.529411764705882
Middle,Washington Sundar,197,183,4,16,107.65027322404373,10.92896174863388
Middle,SE Rutherford,196,144,12,13,136.11111111111111,17.36111111111111
Middle,HM Amla,194,156,5,14,124.35897435897436,12.179487179487179
Middle,JJ Roy,193,130,8,16,148.46153846153845,18.461538461538463
Middle,PBB Rajapaksa,193,134,10,14,144.02985074626866,17.91044776119403
Middle,JR Hopes,187,127,4,23,147.24409448818898,21.25984251968504
Middle,LR Shukla,184,181,7,14,101.65745856353593,11.602209944751381
Middle,M Kaif,183,167,5,14,109.5808383233533,11.377245508982035
Middle,Lalit Yadav,180,177,4,14,101.69491525423729,10.16949152542373
Middle,TH David,180,143,9,11,125.87412587412588,13.986013986013987
Middle,PJ Cummins,161,130,8,15,123.84615384615385,17.692307692307693
Middle,Priyansh Arya,161,81,14,10,198.76543209876542,29.629629629629626
Middle,PK Garg,157,150,4,7,104.66666666666666,7.333333333333333
Middle,PP Chawla,156,177,5,10,88.13559322033898,8.47457627118644
Middle,DB Ravi Teja,153,137,3,13,111.67883211678833,11.678832116788321
Middle,DJG Sammy,151,140,8,6,107.85714285714285,10.0
Middle,JEC Franklin,151,140,7,4,107.85714285714285,7.857142857142857
Middle,UBT Chand,150,139,3,14,107.91366906474819,12.23021582733813
Middle,DT Christian,147,166,4,6,88.55421686746988,6.024096385542169
Middle,PC Valthaty,147,118,9,9,124.57627118644068,15.254237288135593
Middle,Sameer Rizvi,147,113,6,11,130.08849557522123,15.04424778761062
Middle,Harbhajan Singh,146,139,6,14,105.03597122302158,14.388489208633093
Middle,Aniket Verma,145,89,13,7,162.92134831460675,22.47191011235955
Middle,GH Vihari,145,161,1,10,90.06211180124224,6.832298136645963
Middle,SA Asnodkar,145,129,1,18,112.40310077519379,14.728682170542637
Middle,RD Rickelton,143,90,10,10,158.88888888888889,22.22222222222222
Middle,C de Grandhomme,142,110,7,12,129.0909090909091,17.272727272727273
Middle,MV Boucher,137,138,2,11,99.27536231884058,9.420289855072465
Middle,NLTC Perera,137,117,8,6,117.0940170940171,11.965811965811966
Middle,A Manohar,132,123,4,12,107.31707317073172,13.008130081300814
Middle,LA Pomersbach,131,117,6,9,111.96581196581197,12.82051282051282
Middle,R Powell,131,128,8,6,102.34375,10.9375
Middle,DB Das,129,111,11,5,116.21621621621621,14.414414414414415
Middle,CA Ingram,128,119,3,13,107.56302521008404,13.445378151260504
Middle,CA Pujara,128,121,1,12,105.78512396694215,10.743801652892563
Middle,MN Samuels,127,130,6,7,97.6923076923077,10.0
Middle,Sikandar Raza,127,93,6,9,136.55913978494624,16.129032258064516
Middle,B Chipli,125,119,3,10,105.0420168067227,10.92436974789916
Middle,AA Jhunjhunwala,124,125,2,9,99.2,8.799999999999999
Middle,JP Inglis,122,76,6,10,160.5263157894737,21.052631578947366
Middle,Ashutosh Sharma,121,93,9,5,130.10752688172042,15.053763440860216
Middle,A Mishra,120,164,0,8,73.17073170731707,4.878048780487805
Middle,JD Ryder,119,104,3,9,114.42307692307692,11.538461538461538
Middle,BJ Rohrer,114,105,0,14,108.57142857142857,13.333333333333334
Middle,Rahmanullah Gurbaz,111,73,7,8,152.05479452054794,20.54794520547945
Middle,R Ravindra,110,77,6,4,142.85714285714286,12.987012987012985
Middle,RN ten Doeschate,108,88,4,8,122.72727272727273,13.636363636363635
Middle,R Sathish,105,105,2,7,100.0,8.571428571428571
Middle,SN Thakur,105,77,4,9,136.36363636363635,16.883116883116884
Middle,P Negi,104,101,5,7,102.97029702970298,11.881188118811881
Middle,SP Goswami,104,106,1,10,98.11320754716981,10.377358490566039
Middle,Y Nagar,104,129,1,5,80.62015503875969,4.651162790697675
Middle,Atharva Taide,103,74,2,10,139.1891891891892,16.216216216216218
Middle,CH Morris,102,93,5,8,109.6774193548387,13.978494623655912
Middle,KS Bharat,102,85,4,5,120.0,10.588235294117647
Middle,Ramandeep Singh,98,80,6,4,122.50000000000001,12.5
Middle,KV Sharma,97,105,2,6,92.38095238095238,7.6190476190476195
Middle,PD Collingwood,96,92,4,4,104.34782608695652,8.695652173913043
Middle,SS Prabhudessai,94,73,2,9,128.76712328767124,15.068493150684931
Middle,Anuj Rawat,93,98,2,6,94.89795918367348,8.16326530612245
Middle,VVS Laxman,92,73,1,9,126.02739726027397,13.698630136986301
Middle,R Bhatia,91,112,2,4,81.25,5.357142857142857
Middle,AC Voges,89,78,0,8,114.1025641025641,10.256410256410255
Middle,MC Juneja,88,94,0,7,93.61702127659575,7.446808510638298
Middle,N Jagadeesan,87,73,1,11,119.17808219178083,16.43835616438356
Middle,S Sohal,85,63,3,8,134.92063492063494,17.46031746031746
Middle,SB Styris,83,93,1,7,89.24731182795699,8.60215053763441
Middle,Rashid Khan,82,63,5,4,130.15873015873015,14.285714285714285
Middle,MD Mishra,80,64,3,6,125.0,14.0625
Middle,R McLaren,78,95,0,6,82.10526315789474,6.315789473684211
Middle,SM Katich,75,61,2,7,122.95081967213115,14.754098360655737
Middle,JP Faulkner,74,86,2,4,86.04651162790698,6.976744186046512
Middle,DH Yagnik,73,60,1,11,121.66666666666666,20.0
Middle,MS Wade,70,79,0,4,88.60759493670885,5.063291139240507
Middle,FY Fazal,69,62,1,6,111.29032258064515,11.29032258064516
Middle,MN van Wyk,69,63,0,6,109.52380952380953,9.523809523809524
Middle,BB Samantray,68,62,2,5,109.6774193548387,11.29032258064516
Middle,HV Patel,67,76,4,3,88.1578947368421,9.210526315789473
Middle,SM Pollock,66,63,3,4,104.76190476190477,11.11111111111111
Middle,SK Warne,61,82,2,4,74.39024390243902,7.317073170731707
Middle,CJ Ferguson,58,70,0,4,82.85714285714286,5.714285714285714
Middle,AD Nath,57,62,1,4,91.93548387096774,8.064516129032258
Middle,P Dogra,54,76,2,1,71.05263157894737,3.9473684210526314
Middle,K Rabada,53,62,1,5,85.48387096774194,9.67741935483871
Middle,S Gopal,45,61,0,4,73.77049180327869,6.557377049180328
Powerplay,S Dhawan,3399,2771,76,452,122.66329844821364,19.054492962829304
Powerplay,DA Warner,3302,2389,104,430,138.2168271243198,22.352448723315195
Powerplay,V Kohli,3143,2488,77,392,126.32636655948552,18.85048231511254
Powerplay,AM Rahane,2600,2111,67,333,123.16437707247749,18.948365703458077
Powerplay,RG Sharma,2422,1928,113,267,125.62240663900414,19.70954356846473
Powerplay,CH Gayle,2390,1766,144,266,135.33408833522086,23.2163080407701
Powerplay,F du Plessis,2276,1670,81,281,136.2874251497006,21.676646706586826
Powerplay,G Gambhir,2264,1862,33,309,121.58968850698173,18.367346938775512
Powerplay,KL Rahul,2196,1730,82,242,126.9364161849711,18.728323699421964
Powerplay,RV Uthappa,2032,1632,50,260,124.50980392156863,18.995098039215684
Powerplay,Q de Kock,1929,1476,82,211,130.6910569105691,19.850948509485093
Powerplay,PA Patel,1900,1561,31,282,121.71684817424729,20.05124919923126
Powerplay,Shubman Gill,1733,1320,39,222,131.2878787878788,19.772727272727273
Powerplay,JC Buttler,1694,1210,70,213,140.0,23.388429752066113
Powerplay,V Sehwag,1586,1096,46,229,144.7080291970803,25.09124087591241
Powerplay,M Vijay,1574,1374,46,176,114.55604075691413,16.157205240174672
Powerplay,SK Raina,1551,1165,55,196,133.13304721030045,21.545064377682404
Powerplay,BB McCullum,1547,1217,69,183,127.11585866885784,20.706655710764174
Powerplay,SR Watson,1419,1257,54,172,112.88782816229117,17.979315831344472
Powerplay,MA Agarwal,1402,1150,42,167,121.91304347826086,18.173913043478258
Powerplay,SV Samson,1386,1119,44,174,123.86058981233244,19.481680071492406
Powerplay,WP Saha,1385,1045,41,190,132.5358851674641,22.105263157894736
Powerplay,YBK Jaiswal,1383,884,57,195,156.44796380090497,28.50678733031674
Powerplay,AC Gilchrist,1372,1026,49,188,133.7231968810916,23.099415204678362
Powerplay,Ishan Kishan,1357,1008,53,170,134.62301587301587,22.123015873015873
Powerplay,PP Shaw,1345,917,37,193,146.67393675027262,25.081788440567067
Powerplay,DR Smith,1209,970,47,154,124.63917525773196,20.721649484536083
Powerplay,RD Gaikwad,1200,940,37,141,127.65957446808511,18.93617021276596
Powerplay,SP Narine,1148,671,70,141,171.08792846497764,31.445603576751118
Powerplay,SR Tendulkar,1140,977,10,175,116.68372569089047,18.93551688843398
Powerplay,MK Pandey,1131,990,23,148,114.24242424242424,17.272727272727273
Powerplay,Abhishek Sharma,1051,651,50,127,161.44393241167435,27.188940092165897
Powerplay,JH Kallis,1030,975,15,149,105.64102564102565,16.82051282051282
Powerplay,RA Tripathi,995,721,36,125,138.00277392510404,22.330097087378643
Powerplay,SS Iyer,973,867,23,122,112.22606689734718,16.724336793540946
Powerplay,JM Bairstow,944,623,39,120,151.52487961476726,25.52166934189406
Powerplay,SA Yadav,936,668,31,128,140.1197604790419,23.802395209580837
Powerplay,R Dravid,905,829,7,148,109.16767189384802,18.69722557297949
Powerplay,AJ Finch,903,790,24,120,114.30379746835445,18.227848101265824
Powerplay,P Simran Singh,885,595,41,107,148.73949579831933,24.873949579831933
Powerplay,D Padikkal,869,681,25,113,127.6064610866373,20.26431718061674
Powerplay,MEK Hussey,828,766,16,105,108.0939947780679,15.796344647519584
Powerplay,CA Lynn,773,537,37,98,143.94785847299815,25.139664804469277
Powerplay,AT Rayudu,772,728,24,92,106.04395604395604,15.934065934065933
Powerplay,SE Marsh,771,733,8,116,105.18417462482947,16.916780354706685
Powerplay,N Rana,745,612,31,95,121.73202614379083,20.588235294117645
Powerplay,AB de Villiers,741,614,20,100,120.6840390879479,19.54397394136808
Powerplay,PD Salt,726,416,37,92,174.51923076923077,31.009615384615387
Powerplay,TM Head,725,395,35,99,183.54430379746836,33.92405063291139
Powerplay,M Vohra,691,540,27,73,127.96296296296296,18.51851851851852
Powerplay,B Sai Sudharsan,682,499,15,88,136.67334669338678,20.64128256513026
Powerplay,Mandeep Singh,633,552,8,94,114.67391304347827,18.478260869565215
Powerplay,DPMD Jayawardene,611,501,13,93,121.9560878243513,21.157684630738522
Powerplay,KK Nair,609,474,16,86,128.48101265822785,21.518987341772153
Powerplay,VR Iyer,596,457,25,70,130.41575492341357,20.787746170678336
Powerplay,ML Hayden,593,457,20,80,129.75929978118162,21.88183807439825
Powerplay,LMP Simmons,542,456,19,67,118.85964912280701,18.859649122807017
Powerplay,MR Marsh,538,365,33,51,147.3972602739726,23.013698630136986
Powerplay,SC Ganguly,529,517,9,76,102.32108317214701,16.44100580270793
Powerplay,KC Sangakkara,522,447,6,81,116.7785234899329,19.463087248322147
Powerplay,ST Jayasuriya,507,364,26,61,139.28571428571428,23.9010989010989
Powerplay,SPD Smith,506,414,10,66,122.22222222222223,18.357487922705314
Powerplay,NV Ojha,494,481,21,58,102.7027027027027,16.424116424116423
Powerplay,TM Dilshan,484,439,8,76,110.250569476082,19.134396355353076
Powerplay,KS Williamson,483,480,7,63,100.62500000000001,14.583333333333334
Powerplay,MS Bisla,474,433,11,70,109.46882217090071,18.706697459584294
Powerplay,DP Conway,463,367,11,61,126.15803814713897,19.618528610354225
Powerplay,HH Gibbs,447,416,16,54,107.45192307692308,16.826923076923077
Powerplay,RR Pant,447,368,12,59,121.46739130434783,19.293478260869566
Powerplay,GJ Maxwell,433,309,16,59,140.1294498381877,24.271844660194176
Powerplay,JD Ryder,432,323,13,56,133.74613003095973,21.36222910216718
Powerplay,E Lewis,420,286,21,49,146.85314685314685,24.475524475524477
Powerplay,KD Karthik,397,405,6,55,98.0246913580247,15.06172839506173
Powerplay,KP Pietersen,391,293,12,47,133.44709897610923,20.13651877133106
Powerplay,Priyansh Arya,391,225,18,50,173.7777777777778,30.22222222222222
Powerplay,JJ Roy,380,288,10,56,131.94444444444443,22.916666666666664
Powerplay,AK Markram,377,295,13,45,127.79661016949153,19.661016949152543
Powerplay,GC Smith,374,386,0,59,96.89119170984456,15.284974093264248
Powerplay,YK Pathan,360,243,16,47,148.14814814814815,25.925925925925924
Powerplay,RD Rickelton,325,206,15,41,157.76699029126212,27.184466019417474
Powerplay,Abishek Porel,316,208,12,39,151.9230769230769,24.519230769230766
Powerplay,PC Valthaty,306,274,10,44,111.67883211678833,19.708029197080293
Powerplay,MP Stoinis,296,240,8,41,123.33333333333334,20.416666666666668
Powerplay,J Fraser-McGurk,292,142,21,35,205.6338028169014,39.436619718309856
Powerplay,S Sohal,279,217,15,26,128.57142857142858,18.89400921658986
Powerplay,SA Asnodkar,278,208,9,38,133.65384615384613,22.596153846153847
Powerplay,KR Mayers,276,200,12,34,138.0,23.0
Powerplay,R Ravindra,274,198,7,35,138.3838383838384,21.21212121212121
Powerplay,HM Amla,261,199,8,33,131.15577889447238,20.603015075376884
Powerplay,Rahmanullah Gurbaz,246,194,14,26,126.8041237113402,20.618556701030926
Powerplay,BA Stokes,240,181,7,31,132.5966850828729,20.994475138121548
Powerplay,JP Duminy,235,239,6,30,98.32635983263597,15.062761506276152
Powerplay,MM Ali,233,191,12,28,121.98952879581151,20.94240837696335
Powerplay,AP Tare,226,201,7,27,112.43781094527363,16.91542288557214
Powerplay,MJ Lumb,225,151,5,37,149.0066225165563,27.81456953642384
Powerplay,MK Tiwary,223,229,5,25,97.37991266375546,13.100436681222707
Powerplay,CA Pujara,215,228,1,35,94.2982456140351,15.789473684210526
Powerplay,MJ Guptill,213,156,10,22,136.53846153846155,20.51282051282051
Powerplay,RM Patidar,206,172,4,29,119.76744186046511,19.186046511627907
Powerplay,V Suryavanshi,196,86,19,15,227.90697674418604,39.53488372093023
Powerplay,C Green,193,122,5,28,158.19672131147541,27.049180327868854
Powerplay,Yuvraj Singh,193,186,5,26,103.76344086021506,16.666666666666664
Powerplay,WG Jacks,190,128,10,20,148.4375,23.4375
Powerplay,A Raghuvanshi,185,109,9,22,169.72477064220183,28.440366972477065
Powerplay,TL Suman,185,181,6,22,102.20994475138122,15.469613259668508
Powerplay,S Badrinath,182,236,1,27,77.11864406779661,11.864406779661017
Powerplay,VVS Laxman,181,187,3,24,96.79144385026738,14.43850267379679
Powerplay,N Pooran,179,115,13,17,155.65217391304347,26.08695652173913
Powerplay,A Mhatre,177,93,7,27,190.3225806451613,36.55913978494624
Powerplay,EJG Morgan,176,192,3,24,91.66666666666666,14.0625
Powerplay,HH Pandya,168,172,1,25,97.67441860465115,15.11627906976744
Powerplay,SS Tiwary,168,159,2,23,105.66037735849056,15.723270440251572
Powerplay,JR Hopes,167,133,6,21,125.5639097744361,20.30075187969925
Powerplay,DJ Hooda,164,164,3,20,100.0,14.02439024390244
Powerplay,LS Livingstone,163,118,10,17,138.135593220339,22.88135593220339
Powerplay,SP Goswami,162,165,1,21,98.18181818181819,13.333333333333334
Powerplay,K Goel,160,161,7,13,99.37888198757764,12.422360248447205
Powerplay,Atharva Taide,157,103,6,20,152.4271844660194,25.24271844660194
Powerplay,MC Henriques,157,139,3,16,112.9496402877698,13.66906474820144
Powerplay,LRPL Taylor,155,121,7,18,128.099173553719,20.66115702479339
Powerplay,BJ Hodge,148,162,4,18,91.35802469135803,13.580246913580247
Powerplay,SM Curran,147,129,5,16,113.95348837209302,16.27906976744186
Powerplay,SM Katich,145,108,5,19,134.25925925925927,22.22222222222222
Powerplay,Tilak Varma,145,117,6,14,123.93162393162393,17.094017094017094
Powerplay,RR Rossouw,139,99,3,24,140.4040404040404,27.27272727272727
Powerplay,DJ Hussey,134,115,4,18,116.52173913043478,19.130434782608695
Powerplay,R Parag,134,96,9,14,139.58333333333331,23.958333333333336
Powerplay,C Munro,131,91,6,16,143.95604395604394,24.175824175824175
Powerplay,GJ Bailey,131,127,0,24,103.14960629921259,18.89763779527559
Powerplay,RS Bopara,130,144,3,11,90.27777777777779,9.722222222222223
Powerplay,JP Inglis,128,77,10,11,166.23376623376623,27.27272727272727
Powerplay,MD Mishra,128,123,3,17,104.06504065040652,16.260162601626014
Powerplay,V Shankar,127,130,2,16,97.6923076923077,13.846153846153847
Powerplay,SW Billings,125,97,0,20,128.8659793814433,20.618556701030926
Powerplay,DJ Bravo,123,110,5,15,111.81818181818181,18.181818181818183
Powerplay,YV Takawale,121,132,1,19,91.66666666666666,15.151515151515152
Powerplay,UBT Chand,120,142,6,13,84.50704225352112,13.380281690140844
Powerplay,Anmolpreet Singh,116,91,3,17,127.47252747252746,21.978021978021978
Powerplay,SP Fleming,116,108,2,16,107.40740740740742,16.666666666666664
Powerplay,AD Hales,113,80,6,11,141.25,21.25
Powerplay,MS Wade,113,98,2,19,115.3061224489796,21.428571428571427
Powerplay,MW Short,109,85,4,15,128.23529411764707,22.35294117647059
Powerplay,CL White,107,116,2,12,92.24137931034483,12.068965517241379
Powerplay,UT Khawaja,107,74,3,13,144.5945945945946,21.62162162162162
Powerplay,RA Jadeja,104,87,2,16,119.54022988505749,20.689655172413794
Powerplay,SN Khan,104,76,5,12,136.8421052631579,22.36842105263158
Powerplay,LA Pomersbach,103,77,4,11,133.76623376623377,19.480519480519483
Powerplay,PA Reddy,103,104,1,10,99.03846153846155,10.576923076923077
Powerplay,S Vidyut,103,76,2,16,135.5263157894737,23.684210526315788
Powerplay,Salman Butt,103,97,1,18,106.18556701030928,19.587628865979383
Powerplay,AC Blizzard,99,76,0,20,130.26315789473685,26.31578947368421
Powerplay,DA Miller,98,110,3,10,89.0909090909091,11.818181818181818
Powerplay,DJ Mitchell,97,78,2,11,124.35897435897436,16.666666666666664
Powerplay,HC Brook,96,84,2,14,114.28571428571428,19.047619047619047
Powerplay,IK Pathan,92,69,2,12,133.33333333333331,20.28985507246377
Powerplay,H Klaasen,90,63,4,9,142.85714285714286,20.634920634920633
Powerplay,D Brevis,84,70,3,11,120.0,20.0
Powerplay,Anuj Rawat,83,88,3,9,94.31818181818183,13.636363636363635
Powerplay,DJ Jacobs,83,91,4,9,91.20879120879121,14.285714285714285
Powerplay,N Saini,80,83,0,10,96.3855421686747,12.048192771084338
Powerplay,JEC Franklin,79,92,1,10,85.86956521739131,11.956521739130435
Powerplay,R Ashwin,78,72,3,11,108.33333333333333,19.444444444444446
Powerplay,SD Hope,78,60,4,9,130.0,21.666666666666668
Powerplay,KH Pandya,77,70,1,11,110.00000000000001,17.142857142857142
Powerplay,W Jaffer,77,89,1,9,86.51685393258427,11.235955056179774
Powerplay,FY Fazal,76,78,0,11,97.43589743589743,14.102564102564102
Powerplay,MJ Clarke,76,64,0,11,118.75,17.1875
Powerplay,Y Venugopal Rao,76,96,0,9,79.16666666666666,9.375
Powerplay,A Symonds,72,82,0,12,87.8048780487805,14.634146341463413
Powerplay,Nithish Kumar Reddy,72,80,3,4,90.0,8.75
Powerplay,AR Patel,71,64,1,9,110.9375,15.625
Powerplay,SK Rasheed,69,60,2,9,114.99999999999999,18.333333333333332
Powerplay,CM Gautam,68,61,4,6,111.47540983606557,16.39344262295082
Powerplay,KM Jadhav,67,80,1,12,83.75,16.25
Powerplay,SO Hetmyer,66,61,3,7,108.19672131147541,16.39344262295082
Powerplay,RJ Quiney,65,71,1,9,91.54929577464789,14.084507042253522
Powerplay,N Jagadeesan,64,61,1,10,104.91803278688525,18.0327868852459
Powerplay,AM Nayar,60,71,1,7,84.50704225352112,11.267605633802818
Powerplay,GH Vihari,59,90,0,5,65.55555555555556,5.555555555555555
Powerplay,MS Dhoni,59,72,0,10,81.94444444444444,13.88888888888889
Powerplay,DJ Harris,57,64,1,8,89.0625,14.0625
Powerplay,B Chipli,55,75,1,7,73.33333333333333,10.666666666666668
Powerplay,CJ Anderson,52,61,2,7,85.24590163934425,14.754098360655737
Powerplay,DJM Short,50,60,0,6,83.33333333333334,10.0
Powerplay,RT Ponting,45,75,1,2,60.0,4.0
