bowler,balls,runs,wickets,dots,matches,economy,sr,dot_pct,avg
YS Chahal,3815,4992,227,1328,173,7.851114023591087,16.80616740088106,34.809960681520316,21.991189427312776
B Kumar,4246,5367,214,1861,191,7.584079133301931,19.8411214953271,43.82948657560056,25.07943925233645
SP Narine,4393,5000,213,1732,189,6.829046209879353,20.624413145539908,39.426360118370134,23.474178403755868
DJ Bravo,3120,4236,206,1054,158,8.146153846153847,15.145631067961165,33.782051282051285,20.563106796116504
JJ Bumrah,3383,4020,203,1432,146,7.129766479456104,16.665024630541872,42.32929352645581,19.80295566502463
R Ashwin,4710,5521,201,1663,217,7.033121019108281,23.432835820895523,35.30785562632696,27.46766169154229
PP Chawla,3850,5097,198,1358,191,7.943376623376624,19.444444444444443,35.27272727272727,25.742424242424242
SL Malinga,2827,3291,186,1217,122,6.984789529536611,15.198924731182796,43.04916873010258,17.693548387096776
A Mishra,3371,4091,182,1220,162,7.281518837140315,18.521978021978022,36.19104123405518,22.478021978021978
RA Jadeja,4074,5158,180,1349,226,7.596465390279823,22.633333333333333,33.112420225822284,28.655555555555555
HV Patel,2440,3467,168,844,117,8.525409836065574,14.523809523809524,34.59016393442623,20.636904761904763
Rashid Khan,3226,3841,167,1216,137,7.143831370117793,19.317365269461078,37.693738375697464,23.0
Sandeep Sharma,3061,4013,164,1214,137,7.866056844168572,18.664634146341463,39.66024175106174,24.46951219512195
UT Yadav,3056,4259,163,1261,147,8.361910994764397,18.74846625766871,41.26308900523561,26.12883435582822
Harbhajan Singh,3416,3996,157,1312,160,7.018735362997658,21.75796178343949,38.40749414519906,25.452229299363058
Mohammed Shami,2638,3710,151,1108,120,8.438210765731615,17.47019867549669,42.00151630022744,24.56953642384106
TA Boult,2711,3713,151,1154,120,8.217631870158613,17.95364238410596,42.56731833271856,24.589403973509935
MM Sharma,2403,3448,149,836,119,8.60923845193508,16.12751677852349,34.78984602580108,23.140939597315437
AR Patel,3339,4099,138,1143,161,7.365678346810422,24.195652173913043,34.23180592991914,29.702898550724637
AD Russell,1806,2802,133,645,121,9.308970099667775,13.578947368421053,35.714285714285715,21.06766917293233
K Rabada,1929,2735,129,787,85,8.506998444790046,14.953488372093023,40.7983411093831,21.2015503875969
R Vinay Kumar,2127,2953,126,801,104,8.330042313117067,16.88095238095238,37.65867418899859,23.436507936507937
JD Unadkat,2310,3377,125,774,113,8.77142857142857,18.48,33.506493506493506,27.016
A Nehra,1908,2447,120,828,88,7.69496855345912,15.9,43.39622641509434,20.391666666666666
Z Khan,2200,2769,119,929,99,7.551818181818181,18.48739495798319,42.22727272727273,23.26890756302521
SN Thakur,2094,3155,118,737,103,9.040114613180515,17.74576271186441,35.19579751671442,26.73728813559322
Mohammed Siraj,2312,3247,112,1010,109,8.426470588235293,20.642857142857142,43.68512110726643,28.991071428571427
CH Morris,1726,2278,107,708,81,7.918887601390498,16.130841121495326,41.01969872537659,21.289719626168225
Kuldeep Yadav,2088,2780,107,655,97,7.988505747126436,19.514018691588785,31.36973180076628,25.981308411214954
SR Watson,2029,2622,106,850,105,7.753573188762937,19.141509433962263,41.892557910300646,24.735849056603772
Arshdeep Singh,1738,2531,106,648,82,8.737629459148447,16.39622641509434,37.284234752589185,23.87735849056604
DW Steyn,2182,2453,105,1064,95,6.745187901008249,20.78095238095238,48.762603116406964,23.36190476190476
P Kumar,2524,3197,102,1147,119,7.5998415213946116,24.745098039215687,45.443740095087165,31.34313725490196
CV Varun,1924,2449,101,728,85,7.637214137214137,19.04950495049505,37.83783783783784,24.247524752475247
RP Singh,1775,2297,100,790,82,7.764507042253522,17.75,44.50704225352113,22.97
I Sharma,2419,3274,100,1070,117,8.12071103761885,24.19,44.233154195948735,32.74
IK Pathan,2043,2629,99,885,101,7.720998531571219,20.636363636363637,43.31864904552129,26.555555555555557
PP Ojha,1899,2322,98,708,90,7.3364928909952605,19.377551020408163,37.2827804107425,23.693877551020407
JA Morkel,1723,2297,96,683,87,7.998839233894371,17.947916666666668,39.640162507254786,23.927083333333332
KH Pandya,2410,2951,95,790,133,7.34688796680498,25.36842105263158,32.780082987551864,31.063157894736843
KK Ahmed,1574,2295,94,688,72,8.74841168996188,16.74468085106383,43.710292249047015,24.414893617021278
Avesh Khan,1619,2408,94,591,75,8.92402717726992,17.22340425531915,36.504014823965406,25.617021276595743
DL Chahar,1915,2514,91,834,95,7.876762402088772,21.043956043956044,43.5509138381201,27.626373626373628
DS Kulkarni,1787,2393,91,765,92,8.034695019585898,19.63736263736264,42.80917739227756,26.296703296703296
M Morkel,1629,2042,88,738,70,7.521178637200736,18.511363636363637,45.30386740331492,23.204545454545453
KV Sharma,1585,2237,88,539,87,8.46813880126183,18.011363636363637,34.00630914826498,25.420454545454547
Imran Tahir,1316,1684,86,451,59,7.677811550151976,15.30232558139535,34.27051671732523,19.58139534883721
L Balaji,1512,1998,85,582,73,7.928571428571429,17.788235294117648,38.492063492063494,23.50588235294118
HH Pandya,1646,2486,84,583,108,9.061968408262453,19.595238095238095,35.41919805589308,29.595238095238095
R Bhatia,1636,2023,82,467,91,7.419315403422983,19.951219512195124,28.545232273838632,24.670731707317074
MM Patel,1355,1682,82,612,63,7.447970479704797,16.524390243902438,45.1660516605166,20.51219512195122
PJ Cummins,1617,2350,82,615,72,8.719851576994435,19.71951219512195,38.03339517625232,28.658536585365855
M Prasidh Krishna,1529,2160,82,650,67,8.476128188358405,18.646341463414632,42.51144538914323,26.341463414634145
AB Dinda,1516,1991,81,648,75,7.879947229551451,18.71604938271605,42.74406332453825,24.580246913580247
T Natarajan,1386,2013,80,457,64,8.714285714285714,17.325,32.97258297258297,25.1625
KA Pollard,1488,2095,80,422,107,8.44758064516129,18.6,28.360215053763444,26.1875
MA Starc,1064,1485,78,452,50,8.37406015037594,13.64102564102564,42.4812030075188,19.03846153846154
Ravi Bishnoi,1651,2210,78,584,77,8.031496062992126,21.166666666666668,35.3725015142338,28.333333333333332
RD Chahar,1670,2131,76,592,78,7.656287425149701,21.973684210526315,35.449101796407184,28.039473684210527
MJ McClenaghan,1274,1730,75,534,56,8.14756671899529,16.986666666666668,41.915227629513346,23.066666666666666
JP Faulkner,1238,1791,75,440,60,8.680129240710823,16.506666666666668,35.54119547657512,23.88
Mustafizur Rahman,1364,1808,74,511,60,7.9530791788856305,18.43243243243243,37.4633431085044,24.43243243243243
JH Kallis,1742,2265,74,640,89,7.801377726750862,23.54054054054054,36.739380022962116,30.60810810810811
SK Trivedi,1506,1863,73,528,75,7.422310756972111,20.63013698630137,35.0597609561753,25.52054794520548
Shakib Al Hasan,1484,1827,71,523,70,7.386792452830189,20.901408450704224,35.24258760107817,25.732394366197184
M Muralitharan,1528,1700,67,643,66,6.675392670157068,22.80597014925373,42.08115183246073,25.37313432835821
MG Johnson,1235,1655,66,557,54,8.040485829959515,18.71212121212121,45.10121457489878,25.075757575757574
SM Curran,1253,1995,63,414,63,9.553072625698324,19.88888888888889,33.04070231444533,31.666666666666668
S Kaul,1209,1736,63,410,55,8.615384615384615,19.19047619047619,33.91232423490488,27.555555555555557
A Nortje,1120,1655,63,453,49,8.866071428571429,17.77777777777778,40.44642857142857,26.26984126984127
JC Archer,1242,1585,63,569,53,7.657004830917874,19.714285714285715,45.81320450885668,25.158730158730158
LH Ferguson,1026,1480,62,402,49,8.654970760233917,16.548387096774192,39.1812865497076,23.870967741935484
SK Warne,1194,1426,59,442,54,7.165829145728644,20.23728813559322,37.018425460636514,24.16949152542373
JO Holder,995,1421,59,340,46,8.568844221105527,16.864406779661017,34.17085427135678,24.084745762711865
JR Hazlewood,867,1192,58,390,39,8.249134948096884,14.948275862068966,44.982698961937714,20.551724137931036
TG Southee,1206,1711,57,475,54,8.512437810945274,21.157894736842106,39.38640132669983,30.017543859649123
TU Deshpande,965,1531,55,361,46,9.519170984455958,17.545454545454547,37.409326424870464,27.836363636363636
S Nadeem,1415,1758,54,469,70,7.454416961130742,26.203703703703702,33.14487632508834,32.55555555555556
S Gopal,991,1345,53,326,51,8.143289606458122,18.69811320754717,32.89606458123108,25.37735849056604
NM Coulter-Nile,857,1079,52,387,38,7.554259043173863,16.48076923076923,45.15752625437573,20.75
M Pathirana,702,942,51,260,32,8.051282051282051,13.764705882352942,37.03703703703704,18.470588235294116
A Kumble,965,1050,49,397,42,6.528497409326425,19.693877551020407,41.13989637305699,21.428571428571427
SB Jakati,1085,1444,49,355,57,7.985253456221199,22.142857142857142,32.71889400921659,29.46938775510204
AJ Tye,684,970,48,224,30,8.508771929824562,14.25,32.748538011695906,20.208333333333332
S Aravind,760,1025,48,302,38,8.092105263157894,15.833333333333334,39.73684210526316,21.354166666666668
PWH de Silva,798,1122,47,276,37,8.43609022556391,16.97872340425532,34.58646616541353,23.872340425531913
RJ Harris,832,1034,47,390,37,7.456730769230768,17.70212765957447,46.875,22.0
Noor Ahmad,804,1069,47,289,38,7.977611940298508,17.106382978723403,35.9452736318408,22.74468085106383
MP Stoinis,888,1425,46,260,71,9.628378378378379,19.304347826086957,29.27927927927928,30.97826086956522
MM Ali,854,1021,46,302,57,7.173302107728338,18.565217391304348,35.36299765807963,22.195652173913043
Mukesh Kumar,654,1091,46,230,33,10.009174311926605,14.217391304347826,35.16819571865443,23.717391304347824
MC Henriques,950,1268,46,315,60,8.00842105263158,20.652173913043477,33.1578947368421,27.565217391304348
Iqbal Abdulla,920,1099,45,346,48,7.167391304347826,20.444444444444443,37.608695652173914,24.42222222222222
YK Pathan,1147,1400,45,419,82,7.323452484742807,25.488888888888887,36.53007846556234,31.11111111111111
GJ Maxwell,1022,1390,45,337,85,8.160469667318981,22.711111111111112,32.974559686888455,30.88888888888889
VR Aaron,994,1439,45,415,50,8.686116700201207,22.08888888888889,41.75050301810865,31.977777777777778
PJ Sangwan,856,1202,44,338,42,8.425233644859814,19.454545454545453,39.48598130841122,27.318181818181817
P Awana,747,1007,43,307,33,8.08835341365462,17.372093023255815,41.09772423025435,23.41860465116279
DE Bollinger,576,684,43,270,27,7.125,13.395348837209303,46.875,15.906976744186046
Yash Dayal,871,1338,43,319,43,9.21699196326062,20.25581395348837,36.624569460390354,31.11627906976744
S Sreesanth,880,1120,43,416,44,7.636363636363637,20.46511627906977,47.27272727272727,26.046511627906977
VG Arora,686,1057,42,262,34,9.244897959183675,16.333333333333332,38.19241982507289,25.166666666666668
Harshit Rana,649,1007,42,262,32,9.309707241910633,15.452380952380953,40.36979969183359,23.976190476190474
R Sharma,928,1093,42,344,44,7.066810344827586,22.095238095238095,37.06896551724138,26.023809523809526
Washington Sundar,1138,1455,41,388,64,7.671353251318102,27.75609756097561,34.09490333919156,35.48780487804878
DT Christian,883,1174,40,316,49,7.9773499433748585,22.075,35.78708946772367,29.35
M Kartik,1149,1366,39,405,55,7.133159268929504,29.46153846153846,35.24804177545692,35.02564102564103
Yuvraj Singh,869,1078,39,269,73,7.443037974683544,22.28205128205128,30.95512082853855,27.641025641025642
M Jansen,757,1113,39,310,36,8.821664464993395,19.41025641025641,40.95112285336856,28.53846153846154
WD Parnell,723,910,39,312,33,7.551867219917012,18.53846153846154,43.15352697095436,23.333333333333332
MS Gony,888,1278,39,366,44,8.635135135135135,22.76923076923077,41.21621621621622,32.76923076923077
DP Nannes,646,762,38,306,29,7.077399380804954,17.0,47.368421052631575,20.05263157894737
P Negi,716,937,38,249,42,7.85195530726257,18.842105263157894,34.77653631284916,24.657894736842106
MR Marsh,560,769,37,189,34,8.239285714285714,15.135135135135135,33.75,20.783783783783782
NLTC Perera,698,1010,37,238,36,8.681948424068768,18.864864864864863,34.097421203438394,27.2972972972973
M Markande,726,1078,36,219,38,8.90909090909091,20.166666666666668,30.165289256198346,29.944444444444443
M Theekshana,876,1192,36,273,38,8.164383561643836,24.333333333333332,31.164383561643838,33.111111111111114
KK Cooper,576,757,36,209,25,7.885416666666667,16.0,36.28472222222222,21.02777777777778
CJ Jordan,674,1056,35,225,34,9.400593471810089,19.257142857142856,33.38278931750742,30.17142857142857
Harpreet Brar,811,1069,35,279,46,7.908754623921085,23.17142857142857,34.4019728729963,30.542857142857144
L Ngidi,394,538,35,161,17,8.192893401015228,11.257142857142858,40.86294416243655,15.371428571428572
M Ashwin,870,1150,35,298,44,7.931034482758621,24.857142857142858,34.25287356321839,32.857142857142854
R Tewatia,843,1093,35,270,52,7.779359430604982,24.085714285714285,32.028469750889684,31.228571428571428
DL Vettori,777,886,34,283,34,6.841698841698842,22.852941176470587,36.42213642213642,26.058823529411764
AB Agarkar,782,1129,33,273,42,8.662404092071611,23.696969696969695,34.910485933503836,34.21212121212121
Shivam Mavi,649,906,33,267,32,8.375963020030817,19.666666666666668,41.14021571648691,27.454545454545453
MF Maharoof,420,504,33,177,20,7.199999999999999,12.727272727272727,42.142857142857146,15.272727272727273
A Zampa,467,643,32,143,22,8.261241970021413,14.59375,30.620985010706637,20.09375
R Sai Kishore,441,643,32,134,25,8.748299319727892,13.78125,30.385487528344672,20.09375
BA Stokes,689,984,31,250,38,8.568940493468796,22.225806451612904,36.284470246734394,31.741935483870968
Azhar Mahmood,537,680,31,206,23,7.597765363128492,17.322580645161292,38.361266294227185,21.93548387096774
A Singh,473,621,31,200,23,7.87737843551797,15.258064516129032,42.28329809725159,20.032258064516128
Umran Malik,493,736,31,217,26,8.95740365111562,15.903225806451612,44.01622718052739,23.741935483870968
Harmeet Singh,549,709,31,213,28,7.748633879781421,17.70967741935484,38.79781420765027,22.870967741935484
CR Woakes,440,650,31,173,21,8.863636363636363,14.193548387096774,39.31818181818182,20.967741935483872
SK Raina,908,1117,30,299,69,7.381057268722467,30.266666666666666,32.929515418502206,37.233333333333334
B Lee,875,1060,30,400,38,7.268571428571429,29.166666666666668,45.714285714285715,35.333333333333336
AD Mathews,791,1070,28,237,44,8.116308470290772,28.25,29.96207332490518,38.214285714285715
Yash Thakur,443,748,28,149,21,10.130925507900677,15.821428571428571,33.63431151241535,26.714285714285715
STR Binny,594,746,28,204,63,7.535353535353535,21.214285714285715,34.34343434343434,26.642857142857142
Mohsin Khan,510,694,28,227,24,8.16470588235294,18.214285714285715,44.509803921568626,24.785714285714285
J Botha,694,799,27,268,34,6.9077809798270895,25.703703703703702,38.61671469740634,29.59259259259259
DR Smith,539,796,27,179,46,8.860853432282003,19.962962962962962,33.209647495361786,29.48148148148148
PV Tambe,660,847,27,215,33,7.700000000000001,24.444444444444443,32.57575757575758,31.37037037037037
R Dhawan,662,880,27,218,36,7.97583081570997,24.51851851851852,32.93051359516616,32.592592592592595
Navdeep Saini,652,916,26,284,31,8.429447852760736,25.076923076923077,43.558282208588956,35.23076923076923
Akash Madhwal,352,550,26,112,17,9.375,13.538461538461538,31.818181818181817,21.153846153846153
Naveen-ul-Haq,387,571,26,140,17,8.852713178294573,14.884615384615385,36.17571059431525,21.96153846153846
Basil Thampi,521,844,26,163,25,9.719769673704416,20.03846153846154,31.285988483685223,32.46153846153846
SW Tait,473,580,26,222,21,7.357293868921776,18.192307692307693,46.93446088794926,22.307692307692307
GB Hogg,458,563,25,170,21,7.3755458515283845,18.32,37.117903930131,22.52
MJ Santner,603,718,25,216,31,7.144278606965173,24.12,35.82089552238806,28.72
RE van der Merwe,443,503,25,159,21,6.812641083521445,17.72,35.89164785553047,20.12
Vijaykumar Vyshak,357,577,24,103,17,9.69747899159664,14.875,28.851540616246496,24.041666666666668
AS Rajpoot,529,790,24,213,29,8.96030245746692,22.041666666666668,40.26465028355388,32.916666666666664
Sohail Tanvir,247,255,24,130,11,6.194331983805668,10.291666666666666,52.63157894736842,10.625
BW Hilfenhaus,372,476,23,184,17,7.67741935483871,16.17391304347826,49.46236559139785,20.695652173913043
A Symonds,527,676,23,206,30,7.696394686907021,22.91304347826087,39.08918406072106,29.391304347826086
JP Duminy,678,815,23,242,48,7.212389380530973,29.47826086956522,35.693215339233035,35.43478260869565
VY Mahesh,339,475,22,127,17,8.4070796460177,15.409090909090908,37.46312684365782,21.59090909090909
AS Joseph,434,684,22,172,22,9.456221198156683,19.727272727272727,39.63133640552996,31.09090909090909
Shahbaz Ahmed,594,946,22,160,46,9.555555555555555,27.0,26.936026936026934,43.0
JP Behrendorff,366,546,22,146,17,8.950819672131148,16.636363636363637,39.89071038251366,24.818181818181817
WPUJC Vaas,282,352,22,134,13,7.48936170212766,12.818181818181818,47.5177304964539,16.0
RP Meredith,388,571,21,156,18,8.829896907216495,18.476190476190474,40.20618556701031,27.19047619047619
Mujeeb Ur Rahman,446,593,21,156,20,7.977578475336323,21.238095238095237,34.97757847533632,28.238095238095237
Bipul Sharma,426,566,21,139,28,7.971830985915494,20.285714285714285,32.629107981220656,26.952380952380953
K Gowtham,588,814,21,216,35,8.306122448979593,28.0,36.734693877551024,38.76190476190476
KW Richardson,335,465,21,136,15,8.328358208955224,15.952380952380953,40.59701492537313,22.142857142857142
Anureet Singh,412,606,21,152,22,8.825242718446603,19.61904761904762,36.89320388349515,28.857142857142858
Suyash Sharma,576,847,21,196,28,8.822916666666668,27.428571428571427,34.02777777777778,40.333333333333336
C Sakariya,444,603,20,154,20,8.14864864864865,22.2,34.68468468468468,30.15
J Suchith,420,587,20,142,21,8.385714285714286,21.0,33.80952380952381,29.35
BB Sran,483,724,20,175,24,8.993788819875776,24.15,36.231884057971016,36.2
C Green,439,645,20,160,29,8.815489749430524,21.95,36.44646924829157,32.25
CH Gayle,554,704,19,196,38,7.624548736462094,29.157894736842106,35.37906137184115,37.05263157894737
A Ashish Reddy,262,388,19,83,20,8.885496183206108,13.789473684210526,31.679389312977097,20.42105263157895
CRD Fernando,234,284,19,107,10,7.282051282051281,12.31578947368421,45.72649572649573,14.947368421052632
NT Ellis,378,533,19,124,17,8.46031746031746,19.894736842105264,32.804232804232804,28.05263157894737
AD Mascarenhas,308,362,19,130,13,7.051948051948052,16.210526315789473,42.2077922077922,19.05263157894737
IC Pandey,462,598,19,223,24,7.766233766233766,24.31578947368421,48.268398268398265,31.473684210526315
Kartik Tyagi,470,757,18,170,22,9.663829787234043,26.11111111111111,36.17021276595745,42.05555555555556
BJ Hodge,234,301,18,79,20,7.717948717948719,13.0,33.76068376068376,16.72222222222222
Mukesh Choudhary,315,498,17,132,16,9.485714285714286,18.529411764705884,41.904761904761905,29.294117647058822
R Rampaul,268,308,17,137,12,6.895522388059701,15.764705882352942,51.11940298507462,18.11764705882353
LR Shukla,314,438,17,117,27,8.369426751592357,18.470588235294116,37.261146496815286,25.764705882352942
E Malinga,184,280,17,65,9,9.130434782608695,10.823529411764707,35.32608695652174,16.470588235294116
D Wiese,296,434,17,86,15,8.797297297297298,17.41176470588235,29.054054054054053,25.529411764705884
VRV Singh,360,528,16,121,18,8.799999999999999,22.5,33.611111111111114,33.0
CR Brathwaite,254,366,16,78,16,8.645669291338583,15.875,30.708661417322837,22.875
AC Thomas,315,402,16,133,15,7.657142857142857,19.6875,42.22222222222222,25.125
ST Jayasuriya,294,381,16,86,21,7.775510204081632,18.375,29.25170068027211,23.8125
RG Sharma,339,447,16,94,32,7.911504424778761,21.1875,27.728613569321535,27.9375
R Shepherd,234,453,15,73,16,11.615384615384615,15.6,31.196581196581196,30.2
Mohammad Nabi,417,524,15,153,23,7.53956834532374,27.8,36.69064748201439,34.93333333333333
DR Sams,360,492,15,144,16,8.2,24.0,40.0,32.8
SJ Srivastava,282,412,15,106,14,8.76595744680851,18.8,37.5886524822695,27.466666666666665
AN Ahmed,344,468,15,131,17,8.162790697674419,22.933333333333334,38.08139534883721,31.2
PVD Chameera,384,606,15,152,19,9.46875,25.6,39.58333333333333,40.4
G Coetzee,273,463,15,102,14,10.175824175824175,18.2,37.362637362637365,30.866666666666667
YA Abdulla,209,294,15,92,11,8.440191387559809,13.933333333333334,44.01913875598086,19.6
KR Sen,241,373,14,89,12,9.28630705394191,17.214285714285715,36.92946058091287,26.642857142857142
Karanveer Singh,204,314,14,66,9,9.23529411764706,14.571428571428571,32.35294117647059,22.428571428571427
Kamran Khan,166,236,14,71,9,8.53012048192771,11.857142857142858,42.77108433734939,16.857142857142858
KA Jamieson,258,397,14,104,13,9.232558139534884,18.428571428571427,40.310077519379846,28.357142857142858
CJ Anderson,297,504,14,86,22,10.181818181818182,21.214285714285715,28.95622895622896,36.0
S Lamichhane,210,296,14,77,9,8.457142857142857,15.0,36.666666666666664,21.142857142857142
AB McDonald,186,261,14,52,10,8.419354838709678,13.285714285714286,27.956989247311824,18.642857142857142
GD McGrath,324,360,14,162,14,6.666666666666667,23.142857142857142,50.0,25.714285714285715
JR Hopes,360,553,14,119,20,9.216666666666667,25.714285714285715,33.05555555555556,39.5
DS Rathi,312,421,14,98,13,8.096153846153847,22.285714285714285,31.41025641025641,30.071428571428573
RR Powar,426,512,14,174,26,7.211267605633803,30.428571428571427,40.845070422535215,36.57142857142857
R McLaren,354,529,14,128,18,8.966101694915254,25.285714285714285,36.15819209039548,37.785714285714285
DJG Sammy,236,343,14,75,19,8.720338983050848,16.857142857142858,31.779661016949152,24.5
Umar Gul,135,173,14,59,6,7.688888888888888,9.642857142857142,43.7037037037037,12.357142857142858
SM Pollock,276,303,13,132,13,6.586956521739131,21.23076923076923,47.82608695652174,23.307692307692307
RS Bopara,206,285,13,66,14,8.300970873786408,15.846153846153847,32.038834951456316,21.923076923076923
TK Curran,238,415,13,59,13,10.46218487394958,18.307692307692307,24.789915966386555,31.923076923076923
CK Langeveldt,156,190,13,75,7,7.307692307692307,12.0,48.07692307692308,14.615384615384615
Joginder Sharma,256,384,13,73,15,9.0,19.692307692307693,28.515625,29.53846153846154
LS Livingstone,312,462,13,82,27,8.884615384615385,24.0,26.282051282051285,35.53846153846154
BA Bhatt,296,399,13,98,15,8.087837837837839,22.76923076923077,33.108108108108105,30.692307692307693
J Theron,221,291,13,75,10,7.900452488687783,17.0,33.93665158371041,22.384615384615383
J Little,228,333,13,84,11,8.763157894736842,17.53846153846154,36.84210526315789,25.615384615384617
JDP Oram,237,349,13,86,14,8.835443037974684,18.23076923076923,36.28691983122363,26.846153846153847
SC Ganguly,276,365,12,82,20,7.934782608695652,23.0,29.71014492753623,30.416666666666668
AG Murtaza,264,313,12,106,12,7.113636363636363,22.0,40.15151515151515,26.083333333333332
V Pratap Singh,204,293,12,75,9,8.617647058823529,17.0,36.76470588235294,24.416666666666668
Simarjeet Singh,240,389,12,107,14,9.725,20.0,44.583333333333336,32.416666666666664
Arshad Khan,260,469,12,95,18,10.823076923076924,21.666666666666668,36.53846153846153,39.083333333333336
Ankit Sharma,367,439,12,139,21,7.177111716621253,30.583333333333332,37.87465940054496,36.583333333333336
BCJ Cutting,281,423,12,78,17,9.03202846975089,23.416666666666668,27.75800711743772,35.25
K Kartikeya,282,402,12,90,16,8.553191489361701,23.5,31.914893617021278,33.5
Azmatullah Omarzai,288,462,12,103,15,9.625,24.0,35.76388888888889,38.5
A Kamboj,207,302,12,84,12,8.753623188405797,17.25,40.57971014492754,25.166666666666668
V Shankar,238,315,11,80,22,7.9411764705882355,21.636363636363637,33.61344537815126,28.636363636363637
V Nigam,240,357,11,76,14,8.925,21.818181818181817,31.666666666666664,32.45454545454545
Pankaj Singh,300,455,11,115,17,9.1,27.272727272727273,38.333333333333336,41.36363636363637
Lalit Yadav,288,418,11,86,19,8.708333333333332,26.181818181818183,29.86111111111111,38.0
A Chandila,234,245,11,105,12,6.282051282051283,21.272727272727273,44.871794871794876,22.272727272727273
BE Hendricks,150,227,11,55,7,9.08,13.636363636363637,36.666666666666664,20.636363636363637
MA Wood,120,185,11,54,5,9.25,10.909090909090908,45.0,16.818181818181817
JL Pattinson,213,312,11,78,10,8.788732394366198,19.363636363636363,36.61971830985916,28.363636363636363
JD Ryder,236,308,11,84,16,7.830508474576272,21.454545454545453,35.59322033898305,28.0
Ashwani Kumar,123,225,11,37,7,10.975609756097562,11.181818181818182,30.081300813008134,20.454545454545453
KP Appanna,216,283,11,70,13,7.861111111111111,19.636363636363637,32.407407407407405,25.727272727272727
OC McCoy,161,232,11,50,8,8.645962732919255,14.636363636363637,31.05590062111801,21.09090909090909
TS Mills,209,334,11,75,10,9.588516746411482,19.0,35.88516746411483,30.363636363636363
Abhishek Sharma,342,513,11,99,33,9.0,31.09090909090909,28.947368421052634,46.63636363636363
Akash Deep,278,519,11,92,14,11.201438848920862,25.272727272727273,33.093525179856115,47.18181818181818
S Badree,258,319,11,114,12,7.4186046511627906,23.454545454545453,44.18604651162791,29.0
J Syed Mohammad,192,282,10,50,11,8.8125,19.2,26.041666666666668,28.2
T Thushara,135,150,10,60,6,6.666666666666667,13.5,44.44444444444444,15.0
Rasikh Salam,231,396,10,72,13,10.285714285714285,23.1,31.16883116883117,39.6
MP Yadav,121,179,10,60,6,8.87603305785124,12.1,49.586776859504134,17.9
DJ Hussey,317,478,10,92,26,9.047318611987382,31.7,29.02208201892745,47.8
N Rana,192,266,10,59,26,8.3125,19.2,30.729166666666668,26.6
MN Samuels,214,279,10,80,11,7.822429906542057,21.4,37.38317757009346,27.9
Anand Rajan,149,193,10,62,8,7.771812080536913,14.9,41.61073825503356,19.3
B Laughlin,168,272,10,44,9,9.714285714285715,16.8,26.190476190476193,27.2
N Thushara,180,266,9,61,8,8.866666666666667,20.0,33.88888888888889,29.555555555555557
N Burger,126,173,9,64,6,8.238095238095237,14.0,50.79365079365079,19.22222222222222
KMA Paul,163,204,9,54,8,7.509202453987731,18.11111111111111,33.12883435582822,22.666666666666668
JEC Franklin,151,219,9,41,15,8.701986754966889,16.77777777777778,27.1523178807947,24.333333333333332
BAW Mendis,244,298,9,79,10,7.327868852459016,27.11111111111111,32.37704918032787,33.111111111111114
KP Pietersen,174,208,9,57,13,7.172413793103448,19.333333333333332,32.758620689655174,23.11111111111111
J Yadav,390,438,9,155,20,6.7384615384615385,43.333333333333336,39.743589743589745,48.666666666666664
Mohammad Asif,192,299,9,71,8,9.34375,21.333333333333332,36.97916666666667,33.22222222222222
SE Bond,186,219,9,76,8,7.064516129032258,20.666666666666668,40.86021505376344,24.333333333333332
IS Sodhi,181,203,9,66,8,6.729281767955801,20.11111111111111,36.46408839779006,22.555555555555557
Shahid Afridi,180,232,9,65,10,7.733333333333334,20.0,36.11111111111111,25.77777777777778
SB Styris,216,272,9,85,11,7.555555555555555,24.0,39.351851851851855,30.22222222222222
SMSM Senanayake,192,208,9,75,8,6.5,21.333333333333332,39.0625,23.11111111111111
AM Nayar,229,312,9,70,19,8.174672489082969,25.444444444444443,30.567685589519648,34.666666666666664
R Parag,295,462,9,66,30,9.396610169491526,32.77777777777778,22.372881355932204,51.333333333333336
P Parameswaran,154,215,9,66,8,8.376623376623376,17.11111111111111,42.857142857142854,23.88888888888889
Nithish Kumar Reddy,163,280,9,49,14,10.30674846625767,18.11111111111111,30.061349693251532,31.11111111111111
AS Roy,179,239,9,61,12,8.011173184357542,19.88888888888889,34.07821229050279,26.555555555555557
Akash Singh,205,323,9,73,10,9.453658536585365,22.77777777777778,35.609756097560975,35.888888888888886
AF Milne,207,325,9,77,10,9.420289855072465,23.0,37.19806763285024,36.111111111111114
DJ Hooda,379,536,9,106,34,8.485488126649077,42.111111111111114,27.96833773087071,59.55555555555556
S Sandeep Warrier,168,243,8,75,10,8.678571428571429,21.0,44.642857142857146,30.375
WG Jacks,138,210,8,43,13,9.130434782608695,17.25,31.15942028985507,26.25
Zeeshan Ansari,203,328,8,48,10,9.694581280788178,25.375,23.645320197044335,41.0
Yudhvir Singh,138,245,8,56,9,10.652173913043477,17.25,40.57971014492754,30.625
S Randiv,174,217,8,60,8,7.482758620689656,21.75,34.48275862068966,27.125
I Udana,174,278,8,49,10,9.586206896551724,21.75,28.160919540229884,34.75
M Ntini,210,252,8,108,9,7.199999999999999,26.25,51.42857142857142,31.5
JDS Neesham,216,336,8,68,13,9.333333333333334,27.0,31.48148148148148,42.0
AA Chavan,248,331,8,110,13,8.008064516129032,31.0,44.354838709677416,41.375
A Mithun,288,440,8,95,16,9.166666666666666,36.0,32.98611111111111,55.0
GC Viljoen,138,217,8,47,6,9.434782608695652,17.25,34.05797101449276,27.125
KC Cariappa,216,335,8,62,11,9.305555555555555,27.0,28.703703703703702,41.875
AM Salvi,150,195,7,61,7,7.800000000000001,21.428571428571427,40.666666666666664,27.857142857142858
C de Grandhomme,216,299,7,62,19,8.305555555555555,30.857142857142858,28.703703703703702,42.714285714285715
HF Gurney,162,231,7,51,8,8.555555555555555,23.142857142857142,31.48148148148148,33.0
TL Suman,150,195,7,44,11,7.800000000000001,21.428571428571427,29.333333333333332,27.857142857142858
Y Venugopal Rao,216,330,7,60,20,9.166666666666666,30.857142857142858,27.77777777777778,47.142857142857146
B Akhil,188,239,7,64,13,7.627659574468085,26.857142857142858,34.04255319148936,34.142857142857146
KM Asif,133,218,7,46,7,9.834586466165414,19.0,34.58646616541353,31.142857142857142
D Pretorius,150,226,7,46,7,9.04,21.428571428571427,30.666666666666664,32.285714285714285
B Stanlake,144,194,7,64,6,8.083333333333334,20.571428571428573,44.44444444444444,27.714285714285715
DJ Willey,216,272,7,84,11,7.555555555555555,30.857142857142858,38.88888888888889,38.857142857142854
P Amarnath,132,241,7,34,6,10.954545454545453,18.857142857142858,25.757575757575758,34.42857142857143
Prince Yadav,155,235,7,53,7,9.096774193548388,22.142857142857142,34.193548387096776,33.57142857142857
RR Raje,139,204,7,41,10,8.805755395683454,19.857142857142858,29.496402877697843,29.142857142857142
PC Valthaty,151,201,7,46,10,7.986754966887417,21.571428571428573,30.4635761589404,28.714285714285715
R Shukla,120,206,7,44,7,10.299999999999999,17.142857142857142,36.666666666666664,29.428571428571427
Swapnil Singh,162,237,7,39,14,8.777777777777779,23.142857142857142,24.074074074074073,33.857142857142854
K Khejroliya,139,239,6,40,8,10.316546762589928,23.166666666666668,28.776978417266186,39.833333333333336
V Sehwag,136,230,6,45,15,10.147058823529411,22.666666666666668,33.088235294117645,38.333333333333336
VS Malik,205,260,6,88,13,7.609756097560975,34.166666666666664,42.926829268292686,43.333333333333336
AK Markram,193,284,6,50,20,8.82901554404145,32.166666666666664,25.906735751295333,47.333333333333336
SS Cottrell,120,162,6,59,6,8.100000000000001,20.0,49.166666666666664,27.0
SB Bangar,150,214,6,57,9,8.56,25.0,38.0,35.666666666666664
Fazalhaq Farooqi,254,428,6,83,12,10.11023622047244,42.333333333333336,32.677165354330704,71.33333333333333
R Sathish,139,228,6,31,14,9.841726618705035,23.166666666666668,22.302158273381295,38.0
FH Edwards,140,146,6,75,6,6.257142857142858,23.333333333333332,53.57142857142857,24.333333333333332
S Dube,124,213,6,27,15,10.306451612903226,20.666666666666668,21.774193548387096,35.5
S Tyagi,209,292,6,99,14,8.382775119617225,34.833333333333336,47.368421052631575,48.666666666666664
S Kaushik,204,298,6,72,10,8.76470588235294,34.0,35.294117647058826,49.666666666666664
S Ladda,138,221,5,49,9,9.608695652173914,27.6,35.507246376811594,44.2
TM Dilshan,271,363,5,81,25,8.03690036900369,54.2,29.88929889298893,72.6
SH Johnson,164,281,5,61,9,10.28048780487805,32.8,37.19512195121951,56.2
KL Nagarkoti,180,282,5,52,11,9.4,36.0,28.888888888888886,56.4
HR Shokeen,204,305,5,82,13,8.970588235294118,40.8,40.19607843137255,61.0
V Kohli,251,350,5,55,26,8.366533864541832,50.2,21.91235059760956,70.0
RJW Topley,120,217,5,44,6,10.85,24.0,36.666666666666664,43.4
DP Vijaykumar,152,196,4,69,9,7.7368421052631575,38.0,45.39473684210527,49.0
LE Plunkett,150,224,4,42,7,8.96,37.5,28.000000000000004,56.0
Parvez Rasool,198,270,4,62,11,8.181818181818182,49.5,31.313131313131315,67.5
MJ Henry,120,219,3,35,7,10.95,40.0,29.166666666666668,73.0
T Shamsi,120,185,3,32,5,9.25,40.0,26.666666666666668,61.666666666666664
Mayank Dagar,137,200,2,44,8,8.75912408759124,68.5,32.11678832116788,100.0
