era,player,wickets,balls_bowled,matches,economy,bowling_sr,bowling_avg,dot_pct,impact_score
2008-2012,SL Malinga,92,1302,56,6.179723502304148,14.152173913043478,14.576086956521738,47.38863287250384,0.8666124257770446
2008-2012,A Mishra,77,1292,59,7.026315789473684,16.77922077922078,19.649350649350648,39.55108359133127,0.771759708920451
2008-2012,RP Singh,83,1464,67,7.647540983606557,17.63855421686747,22.481927710843372,45.69672131147541,0.7667817535391324
2008-2012,MM Patel,78,1223,57,7.295175797219951,15.679487179487179,19.064102564102566,46.443172526574,0.7659448028367958
2008-2012,PP Ojha,75,1297,62,7.147262914417888,17.293333333333333,20.6,37.77949113338474,0.7585256389076659
2008-2012,DW Steyn,65,1189,52,6.2674516400336415,18.29230769230769,19.107692307692307,50.71488645920942,0.7566177950065066
2008-2012,IK Pathan,80,1533,72,7.6399217221135025,19.1625,24.4,44.09654272667971,0.7536546757418251
2008-2012,PP Chawla,78,1434,71,7.564853556485355,18.384615384615383,23.17948717948718,38.14504881450488,0.7505661902458443
2008-2012,Z Khan,76,1382,61,7.719247467438494,18.18421052631579,23.394736842105264,42.11287988422576,0.7370325592074937
2008-2012,JA Morkel,78,1381,68,8.020275162925417,17.705128205128204,23.666666666666668,39.39174511223751,0.7326307074316484
2008-2012,M Muralitharan,60,1294,55,6.440494590417311,21.566666666666666,23.15,42.81298299845441,0.7258755192693762
2008-2012,R Ashwin,55,1085,47,6.226728110599079,19.727272727272727,20.472727272727273,42.02764976958525,0.719080381358562
2008-2012,R Vinay Kumar,73,1212,60,8.118811881188119,16.602739726027398,22.465753424657535,38.943894389438945,0.7116944479528676
2008-2012,Harbhajan Singh,57,1287,61,6.759906759906759,22.57894736842105,25.43859649122807,38.07303807303807,0.6999055833938418
2008-2012,SK Warne,59,1194,54,7.165829145728644,20.23728813559322,24.16949152542373,37.018425460636514,0.6939850607834648
2008-2012,SK Trivedi,61,1147,58,7.574542284219703,18.80327868852459,23.737704918032787,34.263295553618136,0.6865584812490672
2008-2012,A Kumble,49,965,42,6.528497409326425,19.693877551020407,21.428571428571427,41.13989637305699,0.6843355723970979
2008-2012,P Kumar,62,1490,67,7.586577181208053,24.032258064516128,30.387096774193548,45.83892617449665,0.6817542201744832
2008-2012,L Balaji,60,1008,51,7.851190476190476,16.8,21.983333333333334,37.89682539682539,0.6743951506133603
2008-2012,A Nehra,54,947,44,7.41921858500528,17.537037037037038,21.685185185185187,43.822597676874345,0.6690432205227493
2008-2012,SP Narine,29,355,15,5.509859154929577,12.241379310344827,11.241379310344827,47.6056338028169,0.6641158781622517
2008-2012,R Bhatia,50,869,49,7.367088607594937,17.38,21.34,31.070195627157656,0.6566409401332344
2008-2012,DJ Bravo,56,993,54,7.909365558912386,17.732142857142858,23.375,37.96576032225579,0.6557290951452127
2008-2012,M Morkel,45,720,31,7.191666666666666,16.0,19.177777777777777,44.30555555555556,0.6475446981059114
2008-2012,AB Dinda,44,763,39,7.0537352555701185,17.34090909090909,20.386363636363637,47.575360419397114,0.647534962811217
2008-2012,DE Bollinger,43,576,27,7.125,13.395348837209303,15.906976744186046,46.875,0.646903259287618
2008-2012,KA Pollard,48,740,42,7.613513513513514,15.416666666666666,19.5625,30.54054054054054,0.6419720458342412
2008-2012,SR Watson,41,811,38,6.998766954377311,19.78048780487805,23.073170731707318,46.7324290998767,0.6349787624697327
2008-2012,RJ Harris,46,760,34,7.594736842105263,16.52173913043478,20.91304347826087,45.78947368421053,0.6336549344374107
2008-2012,SB Jakati,48,913,48,7.754654983570646,19.020833333333332,24.583333333333332,34.392113910186204,0.6305725218877171
2008-2012,JH Kallis,51,1292,66,7.829721362229102,25.333333333333332,33.05882352941177,36.53250773993808,0.6288902909410976
2008-2012,Sohail Tanvir,24,247,11,6.194331983805668,10.291666666666666,10.625,52.63157894736842,0.6200630202314803
2008-2012,YK Pathan,39,949,61,7.100105374077977,24.333333333333332,28.794871794871796,38.35616438356164,0.6163776930672905
2008-2012,DP Nannes,33,527,24,6.944971537001898,15.969696969696969,18.484848484848484,47.81783681214421,0.6134256168027743
2008-2012,DL Vettori,34,777,34,6.841698841698842,22.852941176470587,26.058823529411764,36.42213642213642,0.6108928608529993
2008-2012,MF Maharoof,33,420,20,7.199999999999999,12.727272727272727,15.272727272727273,42.142857142857146,0.6077641672971281
2008-2012,R Sharma,32,646,31,6.938080495356037,20.1875,23.34375,38.54489164086687,0.6035508224995363
2008-2012,Iqbal Abdulla,25,501,27,6.407185628742515,20.04,21.4,42.315369261477045,0.5999713651225772
2008-2012,Shakib Al Hasan,23,333,15,6.63063063063063,14.478260869565217,16.0,39.93993993993994,0.5917697752556793
2008-2012,I Sharma,36,925,43,7.401081081081081,25.694444444444443,31.694444444444443,48.54054054054054,0.5906418208425572
2008-2012,S Sreesanth,37,750,37,7.696,20.27027027027027,26.0,46.0,0.5903626254458643
2008-2012,UT Yadav,33,618,30,7.485436893203882,18.727272727272727,23.363636363636363,40.45307443365696,0.5866838810097599
2008-2012,DS Kulkarni,31,525,27,7.531428571428572,16.93548387096774,21.258064516129032,43.047619047619044,0.5801037056559125
2008-2012,PJ Sangwan,35,634,29,7.958990536277602,18.114285714285714,24.02857142857143,39.11671924290221,0.57529848032499
2008-2012,SW Tait,25,413,18,7.13317191283293,16.52,19.64,47.699757869249396,0.5751116916335138
2008-2012,RA Jadeja,27,615,40,7.141463414634146,22.77777777777778,27.11111111111111,34.796747967479675,0.5725918331127714
2008-2012,Yuvraj Singh,24,486,38,7.037037037037038,20.25,23.75,35.390946502057616,0.5697023048589085
2008-2012,WD Parnell,17,302,14,6.536423841059602,17.764705882352942,19.352941176470587,44.03973509933775,0.5684406957398331
2008-2012,A Singh,31,473,23,7.87737843551797,15.258064516129032,20.032258064516128,42.28329809725159,0.5682575596274253
2008-2012,RE van der Merwe,21,377,18,6.891246684350133,17.952380952380953,20.61904761904762,35.54376657824933,0.5681838610302044
2008-2012,M Kartik,26,867,42,6.885813148788927,33.34615384615385,38.26923076923077,37.0242214532872,0.5633581335130089
2008-2012,SK Raina,24,578,43,7.069204152249135,24.083333333333332,28.375,34.42906574394463,0.5624924835218515
2008-2012,J Botha,21,534,24,6.820224719101123,25.428571428571427,28.904761904761905,39.13857677902622,0.5596957132514945
2008-2012,AD Mascarenhas,19,284,12,7.119718309859156,14.947368421052632,17.736842105263158,43.309859154929576,0.5558580188534961
2008-2012,WPUJC Vaas,22,282,13,7.48936170212766,12.818181818181818,16.0,47.5177304964539,0.5548274907512853
2008-2012,BW Hilfenhaus,14,204,9,6.735294117647059,14.571428571428571,16.357142857142858,53.431372549019606,0.5539328067384008
2008-2012,CRD Fernando,19,234,10,7.282051282051281,12.31578947368421,14.947368421052632,45.72649572649573,0.5531235671205457
2008-2012,B Lee,26,803,35,7.277708592777086,30.884615384615383,37.46153846153846,45.20547945205479,0.5507982161304366
2008-2012,SM Pollock,13,276,13,6.586956521739131,21.23076923076923,23.307692307692307,47.82608695652174,0.5462131842964504
2008-2012,GD McGrath,14,324,14,6.666666666666667,23.142857142857142,25.714285714285715,50.0,0.5436678804261165
2008-2012,T Thushara,10,135,6,6.666666666666667,13.5,15.0,44.44444444444444,0.5436180194770817
2008-2012,Harmeet Singh,24,457,24,7.746170678336981,19.041666666666668,24.583333333333332,37.63676148796499,0.5420052461259934
2008-2012,A Chandila,5,84,4,6.214285714285715,16.8,17.4,47.61904761904761,0.5388958119827881
2008-2012,MS Gony,32,708,35,8.432203389830509,22.125,31.09375,42.090395480225986,0.5383290398771368
2008-2012,AG Murtaza,9,204,9,6.4411764705882355,22.666666666666668,24.333333333333332,42.64705882352941,0.5352739202674814
2008-2012,A Symonds,23,527,30,7.696394686907021,22.91304347826087,29.391304347826086,39.08918406072106,0.534447765766652
2008-2012,AB Agarkar,33,722,38,8.634349030470913,21.87878787878788,31.484848484848484,35.3185595567867,0.5339870037295849
2008-2012,FH Edwards,6,140,6,6.257142857142858,23.333333333333332,24.333333333333332,53.57142857142857,0.5308100894485301
2008-2012,CK Langeveldt,13,156,7,7.307692307692307,12.0,14.615384615384615,48.07692307692308,0.5303164994831903
2008-2012,SM Harwood,3,60,3,6.200000000000001,20.0,20.666666666666668,56.666666666666664,0.5271838653877958
2008-2012,BJ Hodge,18,228,19,7.842105263157896,12.666666666666666,16.555555555555557,33.33333333333333,0.5255470245925342
2008-2012,Azhar Mahmood,14,256,11,7.359375,18.285714285714285,22.428571428571427,37.890625,0.5222421951544689
2008-2012,Umar Gul,14,135,6,7.688888888888888,9.642857142857142,12.357142857142858,43.7037037037037,0.5217462232504945
2008-2012,P Awana,18,282,12,7.829787234042554,15.666666666666666,20.444444444444443,42.198581560283685,0.5214667346029679
2008-2012,B Kumar,12,300,15,6.98,25.0,29.083333333333332,41.0,0.520361296720282
2008-2012,GB Hogg,10,216,9,6.944444444444445,21.6,25.0,36.11111111111111,0.5196413841572454
2008-2012,DT Christian,20,436,21,7.871559633027522,21.8,28.6,39.22018348623853,0.517742385594067
2008-2012,PD Collingwood,5,89,6,6.741573033707866,17.8,20.0,26.96629213483146,0.5153943266085993
2008-2012,AC Thomas,16,315,15,7.657142857142857,19.6875,25.125,42.22222222222222,0.5150962217037158
2008-2012,S Aravind,22,294,14,8.428571428571427,13.363636363636363,18.772727272727273,42.857142857142854,0.5148585628445488
2008-2012,KMDN Kulasekara,6,102,5,6.88235294117647,17.0,19.5,46.07843137254902,0.5144571451558136
2008-2012,P Negi,7,132,6,6.90909090909091,18.857142857142858,21.714285714285715,37.878787878787875,0.5142031461186864
2008-2012,VY Mahesh,22,339,17,8.4070796460177,15.409090909090908,21.59090909090909,37.46312684365782,0.5126220938732869
2008-2012,SE Bond,9,186,8,7.064516129032258,20.666666666666668,24.333333333333332,40.86021505376344,0.5123637953038356
2008-2012,ST Jayasuriya,16,294,21,7.775510204081632,18.375,23.8125,29.25170068027211,0.5121739231913442
2008-2012,KP Pietersen,9,174,13,7.172413793103448,19.333333333333332,23.11111111111111,32.758620689655174,0.5099096331692463
2008-2012,RR Powar,14,426,26,7.211267605633803,30.428571428571427,36.57142857142857,40.845070422535215,0.5098204317178125
2008-2012,MJ Clarke,3,66,5,6.545454545454545,22.0,24.0,36.36363636363637,0.509727565193807
2008-2012,J Theron,12,197,9,7.6751269035533,16.416666666666668,21.0,35.53299492385787,0.5045403075165753
2008-2012,KK Cooper,10,144,6,7.583333333333333,14.4,18.2,43.05555555555556,0.5040455126763909
2008-2012,JP Duminy,10,318,21,6.981132075471698,31.8,37.0,40.25157232704403,0.502494692775634
2008-2012,S Nadeem,12,384,17,7.171875,32.0,38.25,33.85416666666667,0.5016482422483968
2008-2012,MN Samuels,9,172,8,7.395348837209302,19.11111111111111,23.555555555555557,38.95348837209303,0.500960935310582
2008-2012,RG Sharma,15,306,26,7.901960784313726,20.4,26.866666666666667,28.431372549019606,0.5001008050001798
2008-2012,Mohammad Hafeez,2,60,4,6.4,30.0,32.0,41.66666666666667,0.4998350243429702
2008-2012,MR Marsh,9,145,8,7.655172413793104,16.11111111111111,20.555555555555557,36.55172413793103,0.4947284941568568
2008-2012,M Ntini,8,210,9,7.199999999999999,26.25,31.5,51.42857142857142,0.4944658397389272
2008-2012,LR Shukla,15,240,20,8.25,16.0,22.0,35.833333333333336,0.49233636477885667
2008-2012,S Randiv,8,174,8,7.482758620689656,21.75,27.125,34.48275862068966,0.4895745423488941
2008-2012,KP Appanna,11,216,13,7.861111111111111,19.636363636363637,25.727272727272727,32.407407407407405,0.4881573249354756
2008-2012,YA Abdulla,15,209,11,8.440191387559809,13.933333333333334,19.6,44.01913875598086,0.48757616312662977
2008-2012,SB Styris,9,216,11,7.555555555555555,24.0,30.22222222222222,39.351851851851855,0.4867998845315288
2008-2012,JD Ryder,11,236,16,7.830508474576272,21.454545454545453,28.0,35.59322033898305,0.48664847042570303
2008-2012,Shahid Afridi,9,180,10,7.733333333333334,20.0,25.77777777777778,36.11111111111111,0.48551719872852916
2008-2012,CH Gayle,14,453,28,7.748344370860927,32.357142857142854,41.785714285714285,34.87858719646799,0.4844892423962178
2008-2012,SC Ganguly,12,276,20,7.934782608695652,23.0,30.416666666666668,29.71014492753623,0.4836410488311289
2008-2012,Kamran Khan,14,166,9,8.53012048192771,11.857142857142858,16.857142857142858,42.77108433734939,0.48330443599038353
2008-2012,AB McDonald,13,174,9,8.413793103448276,13.384615384615385,18.76923076923077,27.586206896551722,0.48210887039249606
2008-2012,AD Mathews,15,395,22,8.126582278481012,26.333333333333332,35.666666666666664,29.620253164556964,0.48165657236576026
2008-2012,Ankit Sharma,4,145,9,6.827586206896552,36.25,41.25,43.44827586206896,0.47985646229289775
2008-2012,BAW Mendis,7,172,7,7.674418604651163,24.571428571428573,31.428571428571427,29.069767441860467,0.4735648898500541
2008-2012,A Ashish Reddy,11,163,9,8.392638036809815,14.818181818181818,20.727272727272727,34.355828220858896,0.47338787526854964
2008-2012,AM Salvi,7,150,7,7.800000000000001,21.428571428571427,27.857142857142858,40.666666666666664,0.4731446129710554
2008-2012,B Akhil,7,188,13,7.627659574468085,26.857142857142858,34.142857142857146,34.04255319148936,0.47201334185781657
2008-2012,DR Smith,10,251,20,7.98406374501992,25.1,33.4,36.254980079681275,0.47096478190200564
2008-2012,VR Aaron,11,258,11,8.13953488372093,23.454545454545453,31.818181818181817,42.63565891472868,0.47071000924444545
2008-2012,BA Bhatt,12,266,13,8.300751879699249,22.166666666666668,30.666666666666668,32.33082706766917,0.4696683128751956
2008-2012,TL Suman,6,138,10,7.782608695652174,23.0,29.833333333333332,28.985507246376812,0.4677594063185026
2008-2012,SJ Srivastava,15,282,14,8.76595744680851,18.8,27.466666666666665,37.5886524822695,0.4665508327085932
2008-2012,WA Mota,4,72,7,7.833333333333334,18.0,23.5,34.72222222222222,0.46589437434577446
2008-2012,PC Valthaty,7,151,10,7.986754966887417,21.571428571428573,28.714285714285715,30.4635761589404,0.46514441596107065
2008-2012,V Pratap Singh,12,204,9,8.617647058823529,17.0,24.416666666666668,36.76470588235294,0.4643754458178102
2008-2012,VRV Singh,16,360,18,8.799999999999999,22.5,33.0,33.611111111111114,0.46317072921285796
2008-2012,P Parameswaran,9,154,8,8.376623376623376,17.11111111111111,23.88888888888889,42.857142857142854,0.46313685697495927
2008-2012,AN Ahmed,7,144,8,8.125,20.571428571428573,27.857142857142858,37.5,0.4609153866496136
2008-2012,JD Unadkat,10,188,10,8.457446808510639,18.8,26.5,33.51063829787234,0.46088692411779386
2008-2012,Bipul Sharma,8,178,11,8.191011235955056,22.25,30.375,33.146067415730336,0.45929842651590824
2008-2012,RV Gomez,5,90,8,8.266666666666666,18.0,24.8,37.77777777777778,0.4515425224960379
2008-2012,JE Taylor,6,117,5,8.307692307692307,19.5,27.0,46.15384615384615,0.45124005388918675
2008-2012,JP Faulkner,4,60,3,8.3,15.0,20.75,40.0,0.4510434711062893
2008-2012,JEC Franklin,9,151,15,8.701986754966889,16.77777777777778,24.333333333333332,27.1523178807947,0.45009044301255396
2008-2012,JDP Oram,13,213,13,9.098591549295774,16.384615384615383,24.846153846153847,33.80281690140845,0.44898206061626933
2008-2012,Joginder Sharma,13,256,15,9.0,19.692307692307693,29.53846153846154,28.515625,0.4480253682027525
2008-2012,SB Wagh,5,102,8,8.294117647058822,20.4,28.2,49.01960784313725,0.4467238986843852
2008-2012,HV Patel,9,246,11,8.512195121951219,27.333333333333332,38.77777777777778,35.36585365853659,0.4418359679335164
2008-2012,AL Menaria,3,110,12,7.636363636363637,36.666666666666664,46.666666666666664,36.36363636363637,0.4418157071984109
2008-2012,AA Chavan,7,194,10,8.350515463917525,27.714285714285715,38.57142857142857,42.2680412371134,0.4405819061240628
2008-2012,R McLaren,10,312,16,8.5,31.2,44.2,35.256410256410255,0.44012723750168437
2008-2012,DP Vijaykumar,4,152,9,7.7368421052631575,38.0,49.0,45.39473684210527,0.43929123416392335
2008-2012,AM Nayar,7,181,16,8.486187845303867,25.857142857142858,36.57142857142857,31.491712707182316,0.4377725109781324
2008-2012,Anand Rajan,8,101,6,9.089108910891088,12.625,19.125,36.633663366336634,0.4366153014231794
2008-2012,RR Raje,7,139,10,8.805755395683454,19.857142857142858,29.142857142857142,29.496402877697843,0.43364427878585704
2008-2012,JR Hopes,14,360,20,9.216666666666667,25.714285714285715,39.5,33.05555555555556,0.4334805594079271
2008-2012,SB Bangar,6,150,9,8.56,25.0,35.666666666666664,38.0,0.43230574117276954
2008-2012,J Syed Mohammad,6,132,7,8.727272727272727,22.0,32.0,29.545454545454547,0.42992958540654685
2008-2012,RS Bopara,5,86,7,8.930232558139535,17.2,25.6,30.23255813953488,0.42511888800866504
2008-2012,Pankaj Singh,11,300,17,9.1,27.272727272727273,41.36363636363637,38.333333333333336,0.4248443042372464
2008-2012,S Tyagi,6,209,14,8.382775119617225,34.833333333333336,48.666666666666664,47.368421052631575,0.4246335039125048
2008-2012,TG Southee,4,114,5,8.526315789473685,28.5,40.5,38.59649122807017,0.42094271113410825
2008-2012,Shoaib Ahmed,5,102,7,9.0,20.4,30.6,34.31372549019608,0.41731213398200423
2008-2012,Mohammad Asif,9,192,8,9.34375,21.333333333333332,33.22222222222222,36.97916666666667,0.4163749304242309
2008-2012,NLTC Perera,5,105,7,9.028571428571428,21.0,31.6,27.61904761904762,0.4152029495511409
2008-2012,DJ Hussey,8,234,21,9.0,29.25,43.875,28.63247863247863,0.41487229854521124
2008-2012,Jaskaran Singh,6,102,7,9.352941176470589,17.0,26.5,41.17647058823529,0.4115159686974802
2008-2012,TM Dilshan,5,265,24,7.992452830188679,53.0,70.6,30.566037735849054,0.40937678498374164
2008-2012,STR Binny,3,90,10,8.666666666666666,30.0,43.333333333333336,17.77777777777778,0.40909428361343864
2008-2012,VS Malik,3,127,9,8.220472440944881,42.333333333333336,58.0,40.15748031496063,0.40880115140542794
2008-2012,MC Henriques,3,97,5,8.597938144329897,32.333333333333336,46.333333333333336,35.051546391752574,0.4083852177750729
2008-2012,DNT Zoysa,2,66,3,8.545454545454547,33.0,47.0,37.878787878787875,0.4058475437570284
2008-2012,Y Venugopal Rao,7,204,18,9.23529411764706,29.142857142857142,44.857142857142854,27.941176470588236,0.4015287283170331
2008-2012,R Sathish,3,79,8,9.037974683544304,26.333333333333332,39.666666666666664,26.582278481012654,0.3992374443819443
2008-2012,AP Dole,5,66,3,9.727272727272727,13.2,21.4,31.818181818181817,0.39803360256892817
2008-2012,A Mithun,7,264,15,9.181818181818182,37.714285714285715,57.714285714285715,32.57575757575758,0.3906324888735107
2008-2012,V Kohli,4,234,23,8.461538461538462,58.5,82.5,22.22222222222222,0.3777063544379765
2008-2012,S Ladda,4,114,7,9.578947368421053,28.5,45.5,37.719298245614034,0.37708306201652264
2008-2012,V Sehwag,6,130,14,10.2,21.666666666666668,36.833333333333336,34.61538461538461,0.36907634251717614
2008-2012,A Flintoff,2,66,3,9.636363636363637,33.0,53.0,31.818181818181817,0.3603929983078943
2008-2012,Y Nagar,4,66,8,10.454545454545455,16.5,28.75,24.242424242424242,0.358973973242927
2008-2012,M de Lange,3,60,3,10.4,20.0,34.666666666666664,30.0,0.3521838654086291
2008-2012,Gagandeep Singh,3,84,4,10.142857142857142,28.0,47.333333333333336,30.952380952380953,0.3506487079145874
2008-2012,P Amarnath,7,132,6,10.954545454545453,18.857142857142858,34.42857142857143,25.757575757575758,0.3456425400781472
2008-2012,JJ van der Wath,3,72,3,10.833333333333334,24.0,43.333333333333336,43.05555555555556,0.32800358825169706
2008-2012,S Narwal,6,94,5,11.553191489361701,15.666666666666666,30.166666666666668,34.04255319148936,0.3218804462057731
2008-2012,AA Jhunjhunwala,1,85,10,8.964705882352941,85.0,127.0,32.94117647058823,0.30505365350550134
2008-2012,AD Russell,1,96,4,10.0,96.0,160.0,30.208333333333332,0.24507341419897957
2008-2012,TP Sudhindra,1,70,3,11.057142857142857,70.0,129.0,27.142857142857142,0.240836485579523
2008-2012,K Goel,0,66,6,8.454545454545455,,,30.303030303030305,
2013-2017,B Kumar,105,1681,75,6.995835812016657,16.00952380952381,18.666666666666668,45.68709101725163,0.8779119565983706
2013-2017,SP Narine,80,1576,66,6.532994923857868,19.7,21.45,42.82994923857868,0.7989536161981787
2013-2017,MM Sharma,91,1534,75,8.010430247718382,16.857142857142858,22.505494505494507,38.85267275097783,0.7824874789246649
2013-2017,SL Malinga,76,1256,54,7.20859872611465,16.526315789473685,19.855263157894736,40.52547770700637,0.7608481260212314
2013-2017,Harbhajan Singh,75,1632,73,7.022058823529412,21.76,25.466666666666665,37.86764705882353,0.7569032035701273
2013-2017,Sandeep Sharma,76,1225,56,7.6506122448979585,16.11842105263158,20.55263157894737,45.55102040816327,0.7430554565007947
2013-2017,DJ Bravo,80,1025,49,8.189268292682927,12.8125,17.4875,32.6829268292683,0.7404882308497549
2013-2017,YS Chahal,69,1191,55,7.848866498740554,17.26086956521739,22.579710144927535,35.43240973971453,0.7071196418944965
2013-2017,A Mishra,65,1347,67,7.5768374164810695,20.723076923076924,26.16923076923077,35.11507052709725,0.6983381081224724
2013-2017,CH Morris,62,1008,48,7.494047619047619,16.258064516129032,20.306451612903224,42.36111111111111,0.6975133113913253
2013-2017,A Nehra,66,961,44,7.9667013527575445,14.56060606060606,19.333333333333332,42.97606659729448,0.6952333357555079
2013-2017,UT Yadav,74,1322,63,8.600605143721634,17.864864864864863,25.60810810810811,39.334341906202724,0.6933908911106493
2013-2017,MG Johnson,64,1109,48,7.812443642921552,17.328125,22.5625,46.077547339945895,0.6900157621648353
2013-2017,AR Patel,61,1251,59,7.434052757793765,20.508196721311474,25.40983606557377,35.41167066346922,0.689801674439205
2013-2017,R Ashwin,52,1205,61,6.647302904564316,23.173076923076923,25.673076923076923,39.50207468879668,0.6851691726511978
2013-2017,JP Faulkner,71,1178,57,8.699490662139219,16.591549295774648,24.056338028169016,35.31409168081494,0.6801092259095938
2013-2017,RA Jadeja,61,1310,72,8.051908396946565,21.475409836065573,28.81967213114754,32.82442748091603,0.6625767117127828
2013-2017,PP Chawla,55,1129,57,7.674047829937997,20.527272727272727,26.254545454545454,34.366696191319754,0.6575504487392476
2013-2017,SR Watson,58,1050,56,8.182857142857143,18.103448275862068,24.689655172413794,39.42857142857143,0.6511724843096593
2013-2017,KV Sharma,54,1034,55,7.804642166344294,19.14814814814815,24.90740740740741,37.234042553191486,0.6505170028785598
2013-2017,MJ McClenaghan,56,926,40,8.254859611231101,16.535714285714285,22.75,41.68466522678186,0.6431654576132728
2013-2017,JJ Bumrah,53,1044,47,7.925287356321839,19.69811320754717,26.0188679245283,37.26053639846743,0.6409443205396365
2013-2017,DS Kulkarni,50,891,45,7.818181818181818,17.82,23.22,44.33221099887766,0.637171670317964
2013-2017,JD Unadkat,50,792,36,7.9393939393939394,15.84,20.96,38.76262626262626,0.6351529024618054
2013-2017,Z Khan,43,818,38,7.2689486552567235,19.023255813953487,23.046511627906977,42.42053789731051,0.6322880577918605
2013-2017,MA Starc,39,580,26,7.096551724137932,14.871794871794872,17.58974358974359,44.13793103448276,0.6310130840692689
2013-2017,Imran Tahir,50,716,32,8.094972067039105,14.32,19.32,31.98324022346369,0.6309978746867019
2013-2017,R Vinay Kumar,51,892,42,8.448430493273543,17.49019607843137,24.627450980392158,35.98654708520179,0.6151200018634442
2013-2017,NM Coulter-Nile,39,563,25,7.534635879218472,14.435897435897436,18.128205128205128,46.35879218472469,0.6134270152203933
2013-2017,DW Steyn,35,875,38,6.911999999999999,25.0,28.8,47.65714285714286,0.6083798152376747
2013-2017,M Morkel,43,909,39,7.782178217821782,21.13953488372093,27.41860465116279,46.094609460946096,0.6076630876531052
2013-2017,P Kumar,40,1034,52,7.618955512572534,25.85,32.825,44.87427466150871,0.5961403507282568
2013-2017,MC Henriques,39,793,50,8.194199243379572,20.333333333333332,27.76923076923077,31.525851197982348,0.5769151701220104
2013-2017,R Bhatia,32,767,42,7.478487614080834,23.96875,29.875,25.684485006518905,0.5752440833311839
2013-2017,S Nadeem,27,731,36,6.935704514363886,27.074074074074073,31.296296296296298,36.66210670314637,0.574586715937743
2013-2017,AD Russell,35,535,30,8.186915887850468,15.285714285714286,20.857142857142858,40.0,0.5701326438111731
2013-2017,Rashid Khan,18,324,14,6.703703703703704,18.0,20.11111111111111,39.81481481481482,0.5648141274261108
2013-2017,STR Binny,24,450,47,7.226666666666667,18.75,22.583333333333332,38.44444444444444,0.5640978408932701
2013-2017,R Rampaul,17,268,12,6.895522388059701,15.764705882352942,18.11764705882353,51.11940298507462,0.5565406170850399
2013-2017,P Negi,27,493,30,7.740365111561866,18.25925925925926,23.555555555555557,33.46855983772819,0.5545562627403294
2013-2017,Shakib Al Hasan,25,588,27,7.408163265306122,23.52,29.04,37.41496598639456,0.5529354558089911
2013-2017,Mustafizur Rahman,19,382,17,7.068062827225131,20.105263157894736,23.68421052631579,38.21989528795812,0.5501126632987952
2013-2017,A Zampa,19,221,11,7.411764705882353,11.631578947368421,14.368421052631579,33.03167420814479,0.5487664908761993
2013-2017,Washington Sundar,9,180,10,6.233333333333334,20.0,20.77777777777778,47.22222222222222,0.5480171987210887
2013-2017,AB Dinda,37,753,36,8.717131474103585,20.35135135135135,29.56756756756757,37.84860557768924,0.5476913309343797
2013-2017,AJ Tye,12,126,6,6.857142857142857,10.5,12.0,38.88888888888889,0.5476824601515019
2013-2017,PV Tambe,27,660,33,7.700000000000001,24.444444444444443,31.37037037037037,32.57575757575758,0.5467675080571621
2013-2017,S Aravind,26,466,24,7.879828326180257,17.923076923076923,23.53846153846154,37.76824034334764,0.5455563475658705
2013-2017,KK Cooper,26,432,19,7.986111111111112,16.615384615384617,22.115384615384617,34.02777777777778,0.5431302110262006
2013-2017,JH Kallis,23,450,23,7.72,19.565217391304348,25.17391304347826,37.333333333333336,0.5385903367444692
2013-2017,Mohammad Nabi,2,66,3,5.363636363636363,33.0,29.5,53.03030303030303,0.5384233013170032
2013-2017,NLTC Perera,32,593,29,8.620573355817875,18.53125,26.625,35.24451939291737,0.535982970860932
2013-2017,SMSM Senanayake,9,192,8,6.5,21.333333333333332,23.11111111111111,39.0625,0.5348645137434584
2013-2017,R Tewatia,8,126,7,6.6190476190476195,15.75,17.375,41.269841269841265,0.5347495831516503
2013-2017,KH Pandya,16,427,24,7.02576112412178,26.6875,31.25,30.913348946135834,0.530685531103625
2013-2017,L Balaji,25,504,22,8.083333333333334,20.16,27.16,39.682539682539684,0.5299481357915015
2013-2017,HV Patel,28,437,23,8.526315789473685,15.607142857142858,22.178571428571427,39.130434782608695,0.529572890190682
2013-2017,RE van der Merwe,4,66,3,6.363636363636363,16.5,17.5,37.878787878787875,0.5294285186771803
2013-2017,BA Stokes,14,264,12,7.181818181818182,18.857142857142858,22.571428571428573,43.93939393939394,0.5287654356820888
2013-2017,PP Ojha,23,602,28,7.744186046511628,26.17391304347826,33.78260869565217,36.21262458471761,0.5274634795486053
2013-2017,A Chandila,6,150,8,6.319999999999999,25.0,26.333333333333332,43.333333333333336,0.5256390744949919
2013-2017,P Awana,25,465,21,8.245161290322581,18.6,25.56,40.43010752688172,0.5255939456764607
2013-2017,R Dhawan,20,488,25,7.610655737704918,24.4,30.95,32.78688524590164,0.5246323121889229
2013-2017,VR Aaron,28,586,29,8.477815699658702,20.928571428571427,29.571428571428573,42.491467576791806,0.5234456601328035
2013-2017,LH Ferguson,5,78,4,6.6923076923076925,15.6,17.4,55.12820512820513,0.5208156460486346
2013-2017,Azhar Mahmood,17,281,12,7.814946619217082,16.529411764705884,21.529411764705884,38.79003558718861,0.517060371465212
2013-2017,SK Trivedi,12,359,17,6.935933147632312,29.916666666666668,34.583333333333336,37.60445682451253,0.5146691119310498
2013-2017,IC Pandey,19,462,24,7.766233766233766,24.31578947368421,31.473684210526315,48.268398268398265,0.5145751321380994
2013-2017,JP Duminy,13,342,25,7.175438596491228,26.307692307692307,31.46153846153846,31.57894736842105,0.5139194127391978
2013-2017,JA Morkel,18,342,19,7.912280701754385,19.0,25.055555555555557,40.643274853801174,0.5129255721124458
2013-2017,GB Hogg,15,242,12,7.760330578512397,16.133333333333333,20.866666666666667,38.01652892561984,0.5125350999516269
2013-2017,S Kaul,23,423,21,8.425531914893618,18.391304347826086,25.82608695652174,33.33333333333333,0.5109906462719145
2013-2017,Iqbal Abdulla,20,419,21,8.0763723150358,20.95,28.2,31.980906921241047,0.5105100271854874
2013-2017,KW Richardson,20,317,14,8.271293375394322,15.85,21.85,41.32492113564668,0.5101973363826782
2013-2017,TG Southee,21,546,24,8.076923076923077,26.0,35.0,41.208791208791204,0.5064583214527382
2013-2017,Mohammed Shami,27,625,31,8.7264,23.14814814814815,33.666666666666664,37.92,0.5059857048782109
2013-2017,DT Christian,12,276,15,7.478260869565217,23.0,28.666666666666668,34.05797101449276,0.5026627879592993
2013-2017,IK Pathan,19,510,29,7.964705882352941,26.842105263157894,35.63157894736842,40.98039215686274,0.5024372154108385
2013-2017,Kuldeep Yadav,18,318,14,8.226415094339622,17.666666666666668,24.22222222222222,33.33333333333333,0.5018782129574612
2013-2017,Gurkeerat Singh,5,78,6,7.153846153846153,15.6,18.6,33.33333333333333,0.5015848768201548
2013-2017,S Badree,11,258,12,7.4186046511627906,23.454545454545453,29.0,44.18604651162791,0.5007487689307919
2013-2017,VS Malik,3,78,4,6.615384615384616,26.0,28.666666666666668,47.43589743589743,0.500689090676875
2013-2017,Bipul Sharma,13,248,17,7.814516129032258,19.076923076923077,24.846153846153847,32.25806451612903,0.49836279434927566
2013-2017,PJ Cummins,19,361,16,8.3601108033241,19.0,26.473684210526315,37.396121883656505,0.49796968825293186
2013-2017,WD Parnell,13,270,12,7.777777777777778,20.76923076923077,26.923076923076923,45.55555555555556,0.49730233061397433
2013-2017,CH Gayle,5,96,9,7.125,19.2,22.8,39.58333333333333,0.49727455045376145
2013-2017,MR Marsh,11,170,10,7.835294117647059,15.454545454545455,20.181818181818183,38.23529411764706,0.4956361510363995
2013-2017,Yuvraj Singh,15,371,33,7.859838274932614,24.733333333333334,32.4,26.1455525606469,0.4952207944870307
2013-2017,B Lee,4,72,3,7.166666666666666,18.0,21.5,51.388888888888886,0.4936721521202454
2013-2017,RP Singh,17,311,15,8.315112540192926,18.294117647058822,25.352941176470587,38.90675241157556,0.49351804169998703
2013-2017,R Sharma,10,282,13,7.361702127659575,28.2,34.6,33.687943262411345,0.49214985671286693
2013-2017,M Kartik,13,282,13,7.8936170212765955,21.692307692307693,28.53846153846154,29.78723404255319,0.4910622981756435
2013-2017,CR Woakes,18,264,13,8.613636363636363,14.666666666666666,21.055555555555557,35.22727272727273,0.4903375346079955
2013-2017,S Sreesanth,6,130,7,7.292307692307691,21.666666666666668,26.333333333333332,54.61538461538461,0.49023018865659923
2013-2017,Ankit Sharma,8,216,11,7.305555555555555,27.0,32.875,34.72222222222222,0.4889193062906415
2013-2017,Harmeet Singh,7,92,4,7.760869565217391,13.142857142857142,17.0,44.565217391304344,0.48746197107505956
2013-2017,D Wiese,17,278,14,8.546762589928058,16.352941176470587,23.294117647058822,29.856115107913666,0.48683824766192263
2013-2017,BAW Mendis,2,72,3,6.5,36.0,39.0,40.27777777777778,0.48648127527151064
2013-2017,J Botha,6,160,10,7.199999999999999,26.666666666666668,32.0,36.875,0.4864204404978878
2013-2017,RS Bopara,8,120,7,7.85,15.0,19.625,33.33333333333333,0.48460828591873484
2013-2017,SN Thakur,14,247,13,8.307692307692307,17.642857142857142,24.428571428571427,38.46153846153847,0.48371330426303627
2013-2017,J Yadav,4,180,10,6.433333333333334,45.0,48.25,40.55555555555556,0.48288583684836317
2013-2017,I Sharma,23,706,33,8.6685552407932,30.695652173913043,44.34782608695652,42.77620396600567,0.48202449812370435
2013-2017,TA Boult,16,335,14,8.57910447761194,20.9375,29.9375,42.68656716417911,0.47476717868764196
2013-2017,Anureet Singh,17,358,17,8.731843575418996,21.058823529411764,30.647058823529413,36.87150837988827,0.47192098510637404
2013-2017,S Gopal,7,115,6,8.034782608695652,16.428571428571427,22.0,32.17391304347826,0.4710179062809753
2013-2017,CJ Jordan,14,174,10,8.827586206896552,12.428571428571429,18.285714285714285,32.758620689655174,0.4700350705557489
2013-2017,AD Mathews,13,396,22,8.106060606060606,30.46153846153846,41.15384615384615,30.303030303030305,0.4687832078593771
2013-2017,DP Nannes,5,119,5,7.663865546218487,23.8,30.4,45.378151260504204,0.46777838951994255
2013-2017,DJG Sammy,14,236,19,8.720338983050848,16.857142857142858,24.5,31.779661016949152,0.46772276310678895
2013-2017,BB Sran,14,327,16,8.495412844036698,23.357142857142858,33.07142857142857,37.00305810397553,0.4671420129588664
2013-2017,DJ Muthuswami,4,84,6,7.714285714285715,21.0,27.0,55.952380952380956,0.46626115060285694
2013-2017,BCJ Cutting,9,167,9,8.263473053892216,18.555555555555557,25.555555555555557,31.137724550898206,0.46563974873136754
2013-2017,CR Brathwaite,10,175,10,8.46857142857143,17.5,24.7,28.000000000000004,0.46241393280312865
2013-2017,AS Rajpoot,8,174,11,8.137931034482758,21.75,29.5,36.7816091954023,0.4622756917774314
2013-2017,C de Grandhomme,4,96,9,7.75,24.0,31.0,35.41666666666667,0.4601795141622944
2013-2017,K Rabada,8,128,6,8.4375,16.0,22.5,40.625,0.45859793885410083
2013-2017,JO Holder,8,216,11,8.083333333333334,27.0,36.375,38.88888888888889,0.4565118988870921
2013-2017,AN Ahmed,8,200,9,8.19,25.0,34.125,38.5,0.4551298152449398
2013-2017,A Choudhary,5,101,5,8.138613861386139,20.2,27.4,41.584158415841586,0.4535094591668187
2013-2017,Ankit Soni,4,109,6,7.81651376146789,27.25,35.5,34.862385321100916,0.4524317711319308
2013-2017,Karanveer Singh,14,204,9,9.23529411764706,14.571428571428571,22.428571428571427,32.35294117647059,0.449766140084135
2013-2017,RJ Harris,1,72,3,6.0,72.0,72.0,58.333333333333336,0.4484884104669607
2013-2017,M Muralitharan,7,234,11,7.9743589743589745,33.42857142857143,44.42857142857143,38.034188034188034,0.44750549089638514
2013-2017,BE Hendricks,11,150,7,9.08,13.636363636363637,20.636363636363637,36.666666666666664,0.44655737030977355
2013-2017,M Ashwin,7,171,10,8.350877192982455,24.428571428571427,34.0,33.91812865497076,0.4455978553968746
2013-2017,TS Mills,5,107,5,8.299065420560748,21.4,29.6,42.05607476635514,0.4449865610542814
2013-2017,Basil Thampi,15,268,12,9.35820895522388,17.866666666666667,27.866666666666667,29.47761194029851,0.44330278823504665
2013-2017,BW Hilfenhaus,9,168,8,8.821428571428573,18.666666666666668,27.444444444444443,44.642857142857146,0.44222147101446685
2013-2017,DJ Hooda,6,193,16,8.082901554404145,32.166666666666664,43.333333333333336,28.497409326424872,0.44121138353057965
2013-2017,DR Smith,17,288,26,9.625,16.941176470588236,27.176470588235293,30.555555555555557,0.4410109945608137
2013-2017,Mohammed Siraj,10,138,6,9.17391304347826,13.8,21.1,36.231884057971016,0.4386900663354376
2013-2017,J Suchith,10,246,13,8.78048780487805,24.6,36.0,28.86178861788618,0.4385460362789748
2013-2017,MP Stoinis,11,201,12,9.104477611940299,18.272727272727273,27.727272727272727,27.363184079601986,0.4384383606810229
2013-2017,GJ Maxwell,10,306,31,8.80392156862745,30.6,44.9,30.392156862745097,0.4283825470509104
2013-2017,KC Cariappa,8,204,10,8.882352941176471,25.5,37.75,29.901960784313726,0.42551618583224704
2013-2017,J Syed Mohammad,4,60,4,9.0,15.0,22.5,18.333333333333332,0.42187680444309483
2013-2017,KA Pollard,18,459,39,9.96078431372549,25.5,42.333333333333336,25.272331154684096,0.4176185823514147
2013-2017,Shivam Sharma,4,114,5,8.68421052631579,28.5,41.25,32.45614035087719,0.41436376376647044
2013-2017,YK Pathan,5,180,19,8.5,36.0,51.0,28.888888888888886,0.41425905305910615
2013-2017,HH Pandya,10,358,31,8.966480446927374,35.8,53.5,31.564245810055862,0.41364712237130286
2013-2017,SK Raina,6,324,25,7.962962962962962,54.0,71.66666666666667,30.555555555555557,0.41277805275412144
2013-2017,A Ashish Reddy,8,99,11,9.696969696969697,12.375,20.0,27.27272727272727,0.4116705637731396
2013-2017,S Kaushik,6,204,10,8.76470588235294,34.0,49.666666666666664,35.294117647058826,0.4099957058011457
2013-2017,P Sahu,3,105,5,8.571428571428571,35.0,50.0,25.71428571428571,0.40540663557681267
2013-2017,Parvez Rasool,4,198,11,8.181818181818182,49.5,67.5,31.313131313131315,0.40314198969953413
2013-2017,MM Patel,4,132,6,8.863636363636363,33.0,48.75,33.33333333333333,0.3999973754083699
2013-2017,MS Gony,7,180,9,9.433333333333334,25.714285714285715,40.42857142857143,37.77777777777778,0.3985268557055382
2013-2017,CJ Anderson,9,245,19,9.600000000000001,27.22222222222222,43.55555555555556,28.57142857142857,0.3966808958425332
2013-2017,AG Murtaza,3,60,3,9.4,20.0,31.333333333333332,31.666666666666664,0.3938505320703355
2013-2017,T Natarajan,2,76,6,8.68421052631579,38.0,55.0,32.89473684210527,0.39241014255075746
2013-2017,LR Shukla,2,74,7,8.756756756756756,37.0,54.0,41.891891891891895,0.39091856335029185
2013-2017,AF Milne,5,108,5,9.666666666666668,21.6,34.8,34.25925925925926,0.3876969397264755
2013-2017,R Shukla,7,102,6,10.294117647058822,14.571428571428571,25.0,37.254901960784316,0.3797225671048778
2013-2017,P Suyal,2,96,5,8.75,48.0,70.0,40.625,0.3743571104720934
2013-2017,T Shamsi,3,96,4,9.4375,32.0,50.333333333333336,31.25,0.3739138672599436
2013-2017,DJ Hussey,2,83,5,9.180722891566266,41.5,63.5,30.120481927710845,0.36636299593136523
2013-2017,SW Tait,1,60,3,8.9,60.0,89.0,41.66666666666667,0.3460292419585902
2013-2017,Swapnil Singh,1,60,5,8.9,60.0,89.0,16.666666666666664,0.3460292419585902
2013-2017,PJ Sangwan,6,156,9,10.653846153846153,26.0,46.166666666666664,40.38461538461539,0.3435309710386845
2013-2017,R Sathish,3,60,6,10.9,20.0,36.333333333333336,16.666666666666664,0.33135053207777593
2013-2017,DL Chahar,1,72,5,9.333333333333334,72.0,112.0,37.5,0.30959952159460624
2013-2017,KJ Abbott,2,96,5,10.875,48.0,87.0,31.25,0.28581544381596746
2013-2017,SB Jakati,1,172,9,9.209302325581396,172.0,264.0,23.837209302325583,0.16164944016217267
2013-2017,AB Agarkar,0,60,4,9.0,,,30.0,
2018-2022,JJ Bumrah,108,1720,73,6.903488372093024,15.925925925925926,18.324074074074073,44.302325581395344,0.892998881146659
2018-2022,Rashid Khan,101,1884,78,6.398089171974522,18.653465346534652,19.89108910891089,40.605095541401276,0.8839549003199361
2018-2022,YS Chahal,100,1665,75,7.308108108108108,16.65,20.28,37.65765765765766,0.845401407821007
2018-2022,K Rabada,100,1309,57,8.058059587471352,13.09,17.58,41.3292589763178,0.8196044317450633
2018-2022,Mohammed Shami,89,1419,62,8.152219873150106,15.9438202247191,21.662921348314608,42.706131078224104,0.7705706321728231
2018-2022,TA Boult,83,1458,64,8.065843621399177,17.566265060240966,23.6144578313253,43.415637860082306,0.7494631647063377
2018-2022,HV Patel,69,902,42,7.842572062084257,13.072463768115941,17.08695652173913,36.14190687361419,0.7137951149559378
2018-2022,SP Narine,62,1532,66,6.9986945169712795,24.70967741935484,28.822580645161292,37.40208877284596,0.7052120799421259
2018-2022,R Ashwin,64,1610,73,7.386335403726708,25.15625,30.96875,30.745341614906835,0.6957840005535231
2018-2022,DJ Bravo,70,1102,55,8.319419237749546,15.742857142857142,21.82857142857143,31.03448275862069,0.693541332344538
2018-2022,SN Thakur,74,1303,61,8.795088257866462,17.60810810810811,25.81081081081081,37.75901765157329,0.6856805689359861
2018-2022,DL Chahar,60,1252,58,7.4712460063897765,20.866666666666667,25.983333333333334,44.4888178913738,0.6839993698895867
2018-2022,RD Chahar,56,1138,52,7.428822495606327,20.321428571428573,25.160714285714285,36.99472759226713,0.6717870592425849
2018-2022,JC Archer,47,825,35,7.025454545454545,17.5531914893617,20.5531914893617,47.63636363636364,0.6594993941956043
2018-2022,RA Jadeja,52,1280,69,7.237500000000001,24.615384615384617,29.692307692307693,33.984375,0.6583691937404696
2018-2022,AR Patel,48,1308,62,7.082568807339451,27.25,32.166666666666664,33.562691131498475,0.6459757738450957
2018-2022,KH Pandya,47,1245,69,7.190361445783132,26.48936170212766,31.74468085106383,33.65461847389558,0.6389453846606696
2018-2022,CV Varun,43,972,42,7.160493827160494,22.6046511627907,26.976744186046513,36.62551440329218,0.631323246596051
2018-2022,B Kumar,48,1281,56,7.456674473067916,26.6875,33.166666666666664,44.80874316939891,0.631249326750428
2018-2022,Sandeep Sharma,47,1093,48,7.591948764867338,23.25531914893617,29.425531914893618,39.24977127172918,0.6271644822738833
2018-2022,AD Russell,63,799,55,9.409261576971215,12.682539682539682,19.88888888888889,34.16770963704631,0.6268912070724021
2018-2022,KK Ahmed,51,778,34,8.359897172236504,15.254901960784315,21.254901960784313,41.38817480719794,0.6222315287826952
2018-2022,Avesh Khan,50,808,37,8.294554455445544,16.16,22.34,42.07920792079208,0.6198645698998015
2018-2022,Ravi Bishnoi,41,846,37,7.425531914893616,20.634146341463413,25.536585365853657,38.061465721040186,0.6158897838967389
2018-2022,Imran Tahir,36,600,27,7.180000000000001,16.666666666666668,19.944444444444443,37.0,0.613676688950019
2018-2022,M Prasidh Krishna,53,1151,51,8.53866203301477,21.71698113207547,30.90566037735849,42.83231972198089,0.6122957913491341
2018-2022,A Nortje,44,682,30,7.970674486803519,15.5,20.59090909090909,42.961876832844574,0.6121479254341782
2018-2022,JO Holder,47,608,27,8.338815789473685,12.936170212765957,17.97872340425532,34.53947368421053,0.6118455015238311
2018-2022,Arshdeep Singh,46,757,37,8.13210039630119,16.456521739130434,22.304347826086957,36.19550858652576,0.6113646459399411
2018-2022,Mohammed Siraj,51,1196,59,8.408026755852843,23.45098039215686,32.86274509803921,42.80936454849498,0.6076764548073813
2018-2022,MC Henriques,4,60,5,4.6000000000000005,15.0,11.5,51.66666666666667,0.6052101377546028
2018-2022,UT Yadav,46,876,39,8.198630136986301,19.043478260869566,26.02173913043478,44.86301369863014,0.6046314762877053
2018-2022,MM Ali,29,554,37,6.725631768953068,19.103448275862068,21.413793103448278,36.8231046931408,0.6029516204078065
2018-2022,A Mishra,32,606,28,7.0,18.9375,22.09375,32.838283828382835,0.6028848186407803
2018-2022,Kuldeep Yadav,45,876,43,8.226027397260275,19.466666666666665,26.68888888888889,30.136986301369863,0.5991382422799194
2018-2022,S Gopal,43,834,42,8.086330935251798,19.3953488372093,26.13953488372093,33.45323741007194,0.5976607212516061
2018-2022,Mohsin Khan,14,198,9,5.757575757575758,14.142857142857142,13.571428571428571,54.04040404040404,0.5953272919083283
2018-2022,CH Morris,45,718,33,8.515320334261839,15.955555555555556,22.644444444444446,39.136490250696376,0.5924605144249399
2018-2022,HH Pandya,43,694,39,8.412103746397694,16.13953488372093,22.627906976744185,38.61671469740634,0.5890720926366408
2018-2022,LH Ferguson,40,690,31,8.365217391304348,17.25,24.05,39.42028985507247,0.5782142572323804
2018-2022,T Natarajan,41,683,29,8.486090775988288,16.658536585365855,23.5609756097561,33.96778916544656,0.5777872070964781
2018-2022,Mustafizur Rahman,36,668,29,8.05688622754491,18.555555555555557,24.916666666666668,37.12574850299401,0.5742475331605547
2018-2022,JR Hazlewood,33,549,24,8.065573770491802,16.636363636363637,22.363636363636363,43.89799635701275,0.5657130701456659
2018-2022,S Kaul,40,786,34,8.717557251908396,19.65,28.55,34.223918575063614,0.5598585967468439
2018-2022,L Ngidi,28,324,14,7.962962962962962,11.571428571428571,15.357142857142858,42.901234567901234,0.5592253312436775
2018-2022,PWH de Silva,27,378,18,7.841269841269842,14.0,18.296296296296298,40.74074074074074,0.5568735933030484
2018-2022,M Ashwin,28,675,32,7.644444444444445,24.107142857142858,30.714285714285715,35.11111111111111,0.5533024961550332
2018-2022,Washington Sundar,26,738,39,7.414634146341464,28.384615384615383,35.07692307692308,32.926829268292686,0.5489209357348037
2018-2022,Shivam Mavi,33,649,32,8.375963020030817,19.666666666666668,27.454545454545453,41.14021571648691,0.5481402441410147
2018-2022,Harbhajan Singh,25,497,26,7.678068410462776,19.88,25.44,41.04627766599598,0.547262904754678
2018-2022,AJ Tye,36,558,24,8.881720430107528,15.5,22.944444444444443,31.36200716845878,0.544558048171675
2018-2022,SM Curran,35,648,31,8.953703703703704,18.514285714285716,27.62857142857143,35.03086419753087,0.5332396261934839
2018-2022,R Tewatia,27,704,43,8.011363636363637,26.074074074074073,34.81481481481482,29.97159090909091,0.5312987662606372
2018-2022,TG Southee,30,510,23,8.647058823529411,17.0,24.5,38.03921568627451,0.529816622287927
2018-2022,Shakib Al Hasan,23,563,28,7.8117229129662515,24.47826086956522,31.869565217391305,30.19538188277087,0.5272457928220721
2018-2022,MJ Santner,10,240,12,6.675000000000001,24.0,26.7,38.333333333333336,0.5271934030456451
2018-2022,IS Sodhi,9,181,8,6.729281767955801,20.11111111111111,22.555555555555557,36.46408839779006,0.5271825494586257
2018-2022,PJ Cummins,29,592,26,8.52364864864865,20.413793103448278,29.0,40.03378378378378,0.5260278761110129
2018-2022,Umran Malik,25,367,17,8.386920980926432,14.68,20.52,46.86648501362398,0.5256895190734588
2018-2022,MJ McClenaghan,19,348,16,7.862068965517241,18.31578947368421,24.0,42.5287356321839,0.5197690812403853
2018-2022,JD Unadkat,39,916,44,9.458515283842795,23.487179487179485,37.02564102564103,30.349344978165938,0.5194062276908162
2018-2022,Mujeeb Ur Rahman,20,434,19,7.880184331797235,21.7,28.5,35.02304147465438,0.51753614118546
2018-2022,PP Chawla,31,711,36,8.843881856540085,22.93548387096774,33.806451612903224,33.33333333333333,0.5162310697108207
2018-2022,GJ Maxwell,19,462,33,7.753246753246753,24.31578947368421,31.42105263157895,33.98268398268398,0.5151162576791604
2018-2022,C Sakariya,17,378,17,7.698412698412698,22.235294117647058,28.529411764705884,35.44973544973545,0.5131792162695908
2018-2022,M Theekshana,12,210,9,7.571428571428571,17.5,22.083333333333332,32.38095238095238,0.5072022925869698
2018-2022,NM Coulter-Nile,13,294,13,7.591836734693878,22.615384615384617,28.615384615384617,42.857142857142854,0.5022230794886384
2018-2022,I Sharma,15,366,17,7.77049180327869,24.4,31.6,41.53005464480874,0.4994539576057949
2018-2022,Navdeep Saini,23,628,30,8.378980891719745,27.304347826086957,38.130434782608695,43.789808917197455,0.499282794751144
2018-2022,KMA Paul,9,163,8,7.509202453987731,18.11111111111111,22.666666666666668,33.12883435582822,0.49774821501292704
2018-2022,V Shankar,11,232,21,7.655172413793104,21.09090909090909,26.90909090909091,34.05172413793103,0.4945109324971797
2018-2022,R Sai Kishore,6,96,5,7.5,16.0,20.0,28.125,0.49025303144211174
2018-2022,J Suchith,10,174,8,7.827586206896552,17.4,22.7,40.804597701149426,0.48927476840982387
2018-2022,Mohammad Nabi,11,277,14,7.689530685920578,25.181818181818183,32.27272727272727,35.74007220216607,0.4868154180035842
2018-2022,KA Pollard,14,289,26,8.179930795847751,20.642857142857142,28.142857142857142,27.68166089965398,0.48444315938661464
2018-2022,DR Sams,15,360,16,8.2,24.0,32.8,40.0,0.48217025490489007
2018-2022,S Lamichhane,14,210,9,8.457142857142857,15.0,21.142857142857142,36.666666666666664,0.4815328890961439
2018-2022,K Gowtham,18,480,28,8.3875,26.666666666666668,37.27777777777778,35.833333333333336,0.4813857182811444
2018-2022,Lalit Yadav,8,192,13,7.65625,24.0,30.625,30.729166666666668,0.47890057897650695
2018-2022,RP Meredith,14,270,13,8.377777777777778,19.285714285714285,26.928571428571427,42.22222222222222,0.4782775656845649
2018-2022,M Markande,17,360,20,8.616666666666667,21.176470588235293,30.41176470588235,31.38888888888889,0.4765398840997911
2018-2022,J Yadav,5,186,9,7.064516129032258,37.2,43.8,39.784946236559136,0.4722334645279172
2018-2022,Simarjeet Singh,4,108,6,7.388888888888888,27.0,33.25,52.77777777777778,0.470632269254155
2018-2022,M Jansen,10,228,10,8.078947368421053,22.8,30.7,42.54385964912281,0.4705330125161231
2018-2022,Harpreet Brar,9,288,15,7.666666666666666,32.0,40.888888888888886,37.15277777777778,0.4699208116953984
2018-2022,K Kartikeya,5,78,4,7.923076923076923,15.6,20.6,38.46153846153847,0.4695335947726884
2018-2022,OC McCoy,11,155,7,8.516129032258064,14.090909090909092,20.0,30.967741935483872,0.4693560028715808
2018-2022,O Thomas,5,60,4,8.100000000000001,12.0,16.2,36.666666666666664,0.46767404934494444
2018-2022,B Stanlake,5,96,4,7.875,19.2,25.2,48.95833333333333,0.4660245504574817
2018-2022,Mukesh Choudhary,16,273,13,8.945054945054945,17.0625,25.4375,43.58974358974359,0.4654525665994145
2018-2022,PJ Sangwan,3,66,4,7.636363636363637,22.0,28.0,40.909090909090914,0.46427301974467283
2018-2022,Shahbaz Ahmed,13,330,22,8.49090909090909,25.384615384615383,35.92307692307692,26.666666666666668,0.46052153943810004
2018-2022,SS Cottrell,6,120,6,8.100000000000001,20.0,27.0,49.166666666666664,0.45912830984156194
2018-2022,Abhishek Sharma,7,156,17,8.115384615384617,22.285714285714285,30.142857142857142,26.282051282051285,0.4586911469879814
2018-2022,PVD Chameera,11,264,12,8.40909090909091,24.0,33.63636363636363,46.21212121212121,0.45864331887912835
2018-2022,MP Stoinis,24,453,38,9.774834437086094,18.875,30.75,28.03532008830022,0.45773278625499014
2018-2022,AS Joseph,14,232,12,9.0,16.571428571428573,24.857142857142858,41.810344827586206,0.4565077008498324
2018-2022,CJ Jordan,18,368,18,9.26086956521739,20.444444444444443,31.555555555555557,33.69565217391305,0.4545226644513479
2018-2022,Yash Dayal,11,192,9,8.78125,17.454545454545453,25.545454545454547,39.58333333333333,0.4531589618079563
2018-2022,S Nadeem,15,300,17,9.08,20.0,30.266666666666666,23.666666666666668,0.45162830984611446
2018-2022,N Rana,7,121,17,8.479338842975206,17.285714285714285,24.428571428571427,31.40495867768595,0.451182289511253
2018-2022,JL Pattinson,11,213,10,8.788732394366198,19.363636363636363,28.363636363636363,36.61971830985916,0.44992403279256743
2018-2022,R Dhawan,6,114,6,8.368421052631579,19.0,26.5,28.947368421052634,0.44947527971745915
2018-2022,Kartik Tyagi,15,361,16,8.99168975069252,24.066666666666666,36.06666666666667,38.78116343490305,0.44908110326990325
2018-2022,MR Marsh,4,76,5,8.210526315789474,19.0,26.0,34.21052631578947,0.4486468196777581
2018-2022,CR Woakes,13,176,8,9.238636363636363,13.538461538461538,20.846153846153847,45.45454545454545,0.4475048350065637
2018-2022,BA Stokes,17,419,25,9.307875894988067,24.647058823529413,38.23529411764706,31.980906921241047,0.44242540290441584
2018-2022,AS Rajpoot,16,355,18,9.36338028169014,22.1875,34.625,41.971830985915496,0.44017504468717206
2018-2022,HF Gurney,7,162,8,8.555555555555555,23.142857142857142,33.0,31.48148148148148,0.4390382508060964
2018-2022,SL Malinga,18,269,12,9.8364312267658,14.944444444444445,24.5,33.82899628252788,0.4389624207612007
2018-2022,KV Sharma,10,188,11,9.03191489361702,18.8,28.3,25.0,0.43695075390787746
2018-2022,NT Ellis,4,102,5,8.352941176470587,25.5,35.5,39.21568627450981,0.4327601945443552
2018-2022,KA Jamieson,9,168,9,9.071428571428571,18.666666666666668,28.22222222222222,41.66666666666667,0.4318048043490403
2018-2022,SR Watson,7,168,11,8.714285714285714,24.0,34.857142857142854,33.92857142857143,0.43111205384951434
2018-2022,CR Brathwaite,6,79,6,9.037974683544304,13.166666666666666,19.833333333333332,36.708860759493675,0.4305090974378921
2018-2022,LS Livingstone,6,144,13,8.708333333333332,24.0,34.833333333333336,28.47222222222222,0.4276563660188314
2018-2022,JP Behrendorff,5,114,5,8.68421052631579,22.8,33.0,47.368421052631575,0.42679519575516434
2018-2022,DT Christian,8,171,13,9.052631578947368,21.375,32.25,29.82456140350877,0.42473736174627374
2018-2022,JDS Neesham,7,162,9,9.0,23.142857142857142,34.714285714285715,32.098765432098766,0.4205197322897824
2018-2022,KR Sen,8,151,7,9.258278145695364,18.875,29.125,39.0728476821192,0.41999670580166437
2018-2022,A Zampa,2,66,3,8.272727272727273,33.0,45.5,30.303030303030305,0.417211180119312
2018-2022,GC Viljoen,8,138,6,9.434782608695652,17.25,27.125,34.05797101449276,0.41513052132896033
2018-2022,GHS Garton,3,90,5,8.533333333333333,30.0,42.666666666666664,35.55555555555556,0.41464983916833276
2018-2022,DJ Willey,3,126,7,8.095238095238095,42.0,56.666666666666664,37.301587301587304,0.41452964260955005
2018-2022,B Laughlin,9,126,7,9.666666666666668,14.0,22.555555555555557,26.984126984126984,0.41414872558785243
2018-2022,S Sandeep Warrier,2,102,5,7.7058823529411775,51.0,65.5,43.13725490196079,0.4132684712250541
2018-2022,D Pretorius,7,126,6,9.571428571428573,18.0,28.714285714285715,29.365079365079367,0.4045848505447692
2018-2022,I Udana,8,174,10,9.586206896551724,21.75,34.75,28.160919540229884,0.4019308641984084
2018-2022,AF Milne,4,99,5,9.151515151515152,24.75,37.75,40.4040404040404,0.4006346642221206
2018-2022,VG Arora,4,107,5,9.08411214953271,26.75,40.5,36.44859813084112,0.4003807618359583
2018-2022,DS Kulkarni,10,371,20,9.266846361185983,37.1,57.3,38.81401617250674,0.39914134142420477
2018-2022,VR Iyer,3,75,8,9.120000000000001,25.0,38.0,22.666666666666664,0.39786129673120574
2018-2022,HR Shokeen,2,90,5,8.399999999999999,45.0,63.0,47.77777777777778,0.3935339850063352
2018-2022,C de Grandhomme,3,120,10,8.75,40.0,58.333333333333336,23.333333333333332,0.3903102573828148
2018-2022,Basil Thampi,11,253,13,10.102766798418973,23.0,38.72727272727273,33.201581027667984,0.38960467056640835
2018-2022,Fazalhaq Farooqi,2,72,3,8.833333333333334,36.0,53.0,33.33333333333333,0.38925905306086245
2018-2022,TK Curran,13,238,13,10.46218487394958,18.307692307692307,31.923076923076923,24.789915966386555,0.3892210944017883
2018-2022,LE Plunkett,4,150,7,8.96,37.5,56.0,28.000000000000004,0.3890919120897296
2018-2022,S Dube,5,106,13,9.679245283018869,21.2,34.2,23.58490566037736,0.38778530287221546
2018-2022,MK Lomror,1,72,8,7.583333333333333,72.0,91.0,25.0,0.3825161882525923
2018-2022,KL Nagarkoti,5,180,11,9.4,36.0,56.4,28.888888888888886,0.37675905306357044
2018-2022,P Negi,4,91,6,9.824175824175825,22.75,37.25,37.362637362637365,0.37566949699969215
2018-2022,K Khejroliya,3,95,5,9.536842105263158,31.666666666666668,50.333333333333336,30.526315789473685,0.37028500634143197
2018-2022,BB Sran,6,156,8,10.038461538461538,26.0,43.5,34.61538461538461,0.3691719966766576
2018-2022,FA Allen,2,90,4,9.0,45.0,67.5,28.888888888888886,0.36853398500931134
2018-2022,DJ Hooda,3,156,14,8.961538461538462,52.0,77.66666666666667,28.846153846153843,0.36312199000918366
2018-2022,MM Sharma,9,220,11,10.60909090909091,24.444444444444443,43.22222222222222,29.545454545454547,0.35888872019342155
2018-2022,AK Markram,1,60,6,8.6,60.0,86.0,28.333333333333332,0.3585292419571021
2018-2022,DW Steyn,5,118,5,10.322033898305085,23.6,40.6,37.28813559322034,0.35732761094302934
2018-2022,Akash Deep,6,113,5,10.619469026548673,18.833333333333332,33.333333333333336,35.39823008849557,0.35593681088222634
2018-2022,VR Aaron,6,150,10,10.44,25.0,43.5,37.333333333333336,0.35397240784876166
2018-2022,TS Mills,6,102,5,10.941176470588236,17.0,31.0,29.411764705882355,0.3453394981171231
2018-2022,R Parag,5,157,19,10.471337579617835,31.4,54.8,19.745222929936308,0.33916341709552966
2018-2022,BCJ Cutting,3,114,8,10.157894736842104,38.0,64.33333333333333,22.807017543859647,0.334710337489807
2018-2022,JA Richardson,3,66,3,10.818181818181818,22.0,39.666666666666664,36.36363636363637,0.331697262184698
2018-2022,OF Smith,7,90,6,11.533333333333333,12.857142857142858,24.714285714285715,40.0,0.3307134608701454
2018-2022,TU Deshpande,4,144,7,10.416666666666668,36.0,62.5,32.63888888888889,0.3306942382538328
2018-2022,MG Johnson,2,126,6,10.047619047619047,63.0,105.5,36.507936507936506,0.2973219441478474
2023-2026,JJ Bumrah,42,619,26,6.416801292407109,14.738095238095237,15.761904761904763,45.39579967689822,0.6706518480910822
2023-2026,CV Varun,58,952,43,8.123949579831933,16.413793103448278,22.224137931034484,39.075630252100844,0.6562141329863322
2023-2026,HV Patel,62,855,41,9.249122807017544,13.790322580645162,21.258064516129032,30.409356725146196,0.628163736653997
2023-2026,YS Chahal,58,959,43,8.796663190823775,16.53448275862069,24.24137931034483,29.092805005213762,0.6279996015637532
2023-2026,M Pathirana,49,661,30,8.142208774583963,13.489795918367347,18.306122448979593,36.30862329803328,0.6265971670540922
2023-2026,TA Boult,52,918,42,8.326797385620916,17.653846153846153,24.5,41.17647058823529,0.6236411739306251
2023-2026,Noor Ahmad,47,804,38,7.977611940298508,17.106382978723403,22.74468085106383,35.9452736318408,0.6205103138495986
2023-2026,Arshdeep Singh,60,981,45,9.204892966360855,16.35,25.083333333333332,38.1243628950051,0.6186799113767059
2023-2026,Kuldeep Yadav,44,894,40,7.671140939597315,20.318181818181817,25.977272727272727,31.879194630872483,0.617250984331734
2023-2026,Mohammed Siraj,51,978,44,8.343558282208589,19.176470588235293,26.666666666666668,45.807770961145195,0.616907686844046
2023-2026,SP Narine,42,930,42,7.554838709677419,22.142857142857142,27.88095238095238,33.87096774193548,0.6118955960753656
2023-2026,RA Jadeja,40,869,45,7.760644418872268,21.725,28.1,31.070195627157656,0.5965527654534403
2023-2026,Rashid Khan,48,1018,45,8.664047151277014,21.208333333333332,30.625,31.630648330058943,0.589331724444201
2023-2026,B Kumar,49,984,45,8.939024390243901,20.081632653061224,29.918367346938776,40.243902439024396,0.5833032251915733
2023-2026,TU Deshpande,51,821,39,9.361753958587089,16.098039215686274,25.11764705882353,38.24604141291108,0.5791965007830981
2023-2026,MM Sharma,49,649,33,9.346687211093991,13.244897959183673,20.632653061224488,26.964560862865948,0.5767855484941334
2023-2026,Sandeep Sharma,41,743,33,8.62449528936743,18.121951219512194,26.048780487804876,30.551816958277257,0.5697796005668657
2023-2026,KH Pandya,32,738,40,7.796747967479675,23.0625,29.96875,32.38482384823848,0.5633708675127763
2023-2026,PP Chawla,34,576,27,8.302083333333334,16.941176470588236,23.441176470588236,32.29166666666667,0.5590954852944094
2023-2026,KK Ahmed,43,796,38,9.128140703517587,18.511627906976745,28.162790697674417,45.97989949748744,0.5556051170805867
2023-2026,AR Patel,29,780,40,7.730769230769232,26.896551724137932,34.6551724137931,33.46153846153846,0.5491382455750767
2023-2026,Ravi Bishnoi,37,805,40,8.668322981366458,21.756756756756758,31.43243243243243,32.546583850931675,0.5475730889194682
2023-2026,M Prasidh Krishna,29,378,16,8.285714285714285,13.03448275862069,18.0,41.53439153439153,0.5472408632707865
2023-2026,Harshit Rana,41,619,30,9.324717285945072,15.097560975609756,23.463414634146343,40.38772213247172,0.5452345711123512
2023-2026,T Natarajan,37,627,29,8.966507177033494,16.945945945945947,25.324324324324323,31.89792663476874,0.5425149666606831
2023-2026,R Ashwin,30,810,36,7.985185185185185,27.0,35.93333333333333,29.1358024691358,0.5420828865401719
2023-2026,Mohammed Shami,35,594,27,8.818181818181818,16.97142857142857,24.942857142857143,44.612794612794616,0.541248764041393
2023-2026,Mukesh Kumar,46,654,33,10.009174311926605,14.217391304347826,23.717391304347824,35.16819571865443,0.5365817454349494
2023-2026,VG Arora,38,579,29,9.274611398963732,15.236842105263158,23.55263157894737,38.5146804835924,0.5359979407560457
2023-2026,Harpreet Brar,26,523,31,8.042065009560229,20.115384615384617,26.96153846153846,32.88718929254302,0.5354396671880131
2023-2026,Avesh Khan,43,787,37,9.659466327827191,18.302325581395348,29.46511627906977,30.368487928843713,0.5337870290224446
2023-2026,DL Chahar,30,591,32,8.558375634517766,19.7,28.1,42.30118443316413,0.5293775680805923
2023-2026,PJ Cummins,34,664,30,9.090361445783133,19.529411764705884,29.58823529411765,36.596385542168676,0.5222875087910219
2023-2026,JR Hazlewood,25,318,15,8.566037735849056,12.72,18.16,46.855345911949684,0.521227434538299
2023-2026,MA Starc,39,484,24,9.90495867768595,12.41025641025641,20.487179487179485,40.49586776859504,0.517765187133689
2023-2026,MJ Santner,15,363,19,7.454545454545455,24.2,30.066666666666666,34.15977961432507,0.5129246248816222
2023-2026,Naveen-ul-Haq,26,387,17,8.852713178294573,14.884615384615385,21.96153846153846,36.17571059431525,0.5096719114891243
2023-2026,MM Ali,17,300,20,8.0,17.647058823529413,23.529411764705884,32.666666666666664,0.507638494661935
2023-2026,M Jansen,29,529,26,9.141776937618147,18.24137931034483,27.79310344827586,40.26465028355388,0.5035988881629545
2023-2026,M Theekshana,24,666,29,8.35135135135135,27.75,38.625,30.78078078078078,0.5034553554290536
2023-2026,JD Unadkat,26,414,23,8.985507246376812,15.923076923076923,23.846153846153847,30.434782608695656,0.5025487533649281
2023-2026,DJ Willey,4,90,4,6.8,22.5,25.5,41.11111111111111,0.5020596180922376
2023-2026,R Sai Kishore,26,345,20,9.095652173913043,13.26923076923077,20.115384615384617,31.01449275362319,0.5020228986025221
2023-2026,Yash Dayal,32,679,34,9.34020618556701,21.21875,33.03125,35.7879234167894,0.5018832222975853
2023-2026,I Sharma,26,422,24,9.085308056872037,16.23076923076923,24.576923076923077,39.57345971563981,0.49791925383041497
2023-2026,Akash Madhwal,26,352,17,9.375,13.538461538461538,21.153846153846153,31.818181818181817,0.4899711649731242
2023-2026,RD Chahar,18,490,24,8.167346938775509,27.22222222222222,37.05555555555556,31.428571428571427,0.48970810671947196
2023-2026,GJ Maxwell,14,236,19,8.211864406779661,16.857142857142858,23.071428571428573,34.32203389830508,0.4889092037822328
2023-2026,DS Rathi,14,312,13,8.096153846153847,22.285714285714285,30.071428571428573,31.41025641025641,0.485418354964854
2023-2026,Mustafizur Rahman,19,314,14,8.80891719745223,16.526315789473685,24.263157894736842,37.261146496815286,0.48305707861428054
2023-2026,HH Pandya,31,594,38,9.878787878787879,19.161290322580644,31.548387096774192,34.00673400673401,0.47888895664605313
2023-2026,NT Ellis,15,276,12,8.5,18.4,26.066666666666666,30.434782608695656,0.4782448651513145
2023-2026,MA Wood,11,96,4,8.5,8.727272727272727,12.363636363636363,50.0,0.47824074075970874
2023-2026,C Green,20,439,29,8.815489749430524,21.95,32.25,36.44646924829157,0.4781822870218253
2023-2026,AD Russell,34,376,32,10.51595744680851,11.058823529411764,19.38235294117647,34.308510638297875,0.47585767411185553
2023-2026,N Burger,9,126,6,8.238095238095237,14.0,19.22222222222222,50.79365079365079,0.4736725351045759
2023-2026,SN Thakur,30,544,29,9.959558823529411,18.133333333333333,30.1,27.573529411764707,0.4733937845067718
2023-2026,A Mishra,8,126,8,8.095238095238095,15.75,21.25,29.365079365079367,0.4732416466510362
2023-2026,Suyash Sharma,21,576,28,8.822916666666668,27.428571428571427,40.333333333333336,34.02777777777778,0.47318785464443436
2023-2026,PWH de Silva,20,420,19,8.971428571428572,21.0,31.4,29.04761904761905,0.47313945748685093
2023-2026,E Malinga,17,184,9,9.130434782608695,10.823529411764707,16.470588235294116,35.32608695652174,0.47098509989231246
2023-2026,JP Behrendorff,17,252,12,9.071428571428571,14.823529411764707,22.41176470588235,36.507936507936506,0.4673189704209989
2023-2026,Vijaykumar Vyshak,24,357,17,9.69747899159664,14.875,24.041666666666668,28.851540616246496,0.46708065142019295
2023-2026,M Markande,19,366,18,9.196721311475411,19.263157894736842,29.526315789473685,28.96174863387978,0.46270797487335213
2023-2026,Yash Thakur,28,443,21,10.130925507900677,15.821428571428571,26.714285714285715,33.63431151241535,0.4623860418449467
2023-2026,J Little,13,228,11,8.763157894736842,17.53846153846154,25.615384615384617,36.84210526315789,0.4611917162714925
2023-2026,A Kamboj,12,207,12,8.753623188405797,17.25,25.166666666666668,40.57971014492754,0.4583269786523365
2023-2026,MP Yadav,10,121,6,8.87603305785124,12.1,17.9,49.586776859504134,0.45370473908325104
2023-2026,JC Archer,16,417,18,8.906474820143885,26.0625,38.6875,42.20623501199041,0.45327944819591726
2023-2026,MR Marsh,13,169,11,9.159763313609467,13.0,19.846153846153847,26.627218934911244,0.4516156938449472
2023-2026,AS Roy,7,125,9,8.448,17.857142857142858,25.142857142857142,36.8,0.4516131144059893
2023-2026,KV Sharma,24,363,21,10.066115702479339,15.125,25.375,29.476584022038566,0.4513379933683554
2023-2026,SM Curran,28,605,32,10.195041322314049,21.607142857142858,36.714285714285715,30.909090909090907,0.4508555772586552
2023-2026,MG Bracewell,6,66,5,8.636363636363637,11.0,15.833333333333334,39.39393939393939,0.45056044860367106
2023-2026,K Rabada,21,492,22,9.71951219512195,23.428571428571427,37.95238095238095,39.43089430894309,0.44195442923343764
2023-2026,V Nigam,11,240,14,8.925,21.818181818181817,32.45454545454545,31.666666666666664,0.44048786399876216
2023-2026,Arjun Tendulkar,4,73,5,8.465753424657535,18.25,25.75,45.20547945205479,0.43916074211018274
2023-2026,Swapnil Singh,6,102,9,8.705882352941176,17.0,24.666666666666668,28.431372549019606,0.43847675300799616
2023-2026,N Thushara,9,180,8,8.866666666666667,20.0,29.555555555555557,33.88888888888889,0.4382949765119286
2023-2026,V Puthur,6,72,5,9.0,12.0,18.0,33.33333333333333,0.4338777530530782
2023-2026,M Siddharth,3,96,5,8.0,32.0,42.666666666666664,35.41666666666667,0.43380970058614654
2023-2026,A Zampa,11,180,8,9.3,16.363636363636363,25.363636363636363,27.77777777777778,0.4332147570963395
2023-2026,WD Parnell,9,151,7,9.178807947019868,16.77777777777778,25.666666666666668,37.086092715231786,0.430222893346045
2023-2026,K Gowtham,3,108,7,7.944444444444445,36.0,47.666666666666664,40.74074074074074,0.42999979379715975
2023-2026,L Ngidi,7,70,3,9.257142857142858,10.0,15.428571428571429,31.428571428571427,0.4299295318455003
2023-2026,N Rana,3,65,8,8.492307692307692,21.666666666666668,30.666666666666668,27.692307692307693,0.4291190775515433
2023-2026,WG Jacks,8,138,13,9.130434782608695,17.25,26.25,31.15942028985507,0.4278116807477405
2023-2026,LH Ferguson,17,258,14,10.023255813953488,15.176470588235293,25.352941176470587,33.72093023255814,0.42711908537510634
2023-2026,R Parag,4,138,11,8.173913043478262,34.5,47.0,25.36231884057971,0.4264390764768806
2023-2026,K Kartikeya,7,204,12,8.794117647058822,29.142857142857142,42.714285714285715,29.411764705882355,0.4199110812560213
2023-2026,Mohsin Khan,14,312,15,9.692307692307693,22.285714285714285,36.0,38.46153846153847,0.4189119447163612
2023-2026,Prince Yadav,7,155,7,9.096774193548388,22.142857142857142,33.57142857142857,34.193548387096776,0.4180186546266278
2023-2026,LS Livingstone,7,168,14,9.035714285714285,24.0,36.142857142857146,24.404761904761905,0.41771919670825164
2023-2026,KR Sen,6,90,5,9.333333333333334,15.0,23.333333333333332,33.33333333333333,0.41539532296319825
2023-2026,Akash Singh,9,181,9,9.414364640883978,20.11111111111111,31.555555555555557,36.46408839779006,0.4153040964332706
2023-2026,A Nortje,19,438,19,10.26027397260274,23.05263157894737,39.421052631578945,36.5296803652968,0.41259091283006966
2023-2026,Azmatullah Omarzai,12,288,15,9.625,24.0,38.5,35.76388888888889,0.41168414380095025
2023-2026,AK Markram,5,133,14,8.93233082706767,26.6,39.6,24.81203007518797,0.41063836436838375
2023-2026,G Coetzee,15,273,14,10.175824175824175,18.2,30.866666666666667,37.362637362637365,0.40872509391379613
2023-2026,MP Stoinis,11,234,21,9.794871794871796,21.272727272727273,34.72727272727273,33.33333333333333,0.4050783951929906
2023-2026,Harsh Dubey,7,90,5,9.8,12.857142857142858,21.0,27.77777777777778,0.40293568308376976
2023-2026,KA Jamieson,5,90,4,9.533333333333333,18.0,28.6,37.77777777777778,0.3987647447245431
2023-2026,RP Meredith,7,118,5,9.864406779661017,16.857142857142858,27.714285714285715,35.59322033898305,0.3941273456613543
2023-2026,UT Yadav,10,240,15,9.899999999999999,24.0,39.6,40.833333333333336,0.3928184030616423
2023-2026,Zeeshan Ansari,8,203,10,9.694581280788178,25.375,41.0,23.645320197044335,0.391864735902565
2023-2026,KM Asif,3,84,4,9.214285714285715,28.0,43.0,33.33333333333333,0.38933918410045754
2023-2026,S Sandeep Warrier,6,66,5,10.181818181818182,11.0,18.666666666666668,46.96969696969697,0.38616650921739765
2023-2026,Mohammad Nabi,2,74,6,8.91891891891892,37.0,55.0,25.675675675675674,0.3841618065943394
2023-2026,Nithish Kumar Reddy,9,163,14,10.30674846625767,18.11111111111111,31.11111111111111,30.061349693251532,0.38118379784888956
2023-2026,AS Joseph,8,202,10,9.98019801980198,25.25,42.0,37.12871287128713,0.3801554359951835
2023-2026,Sikandar Raza,3,84,7,9.571428571428573,28.0,44.666666666666664,26.190476190476193,0.3744582317212767
2023-2026,Ashwani Kumar,11,123,7,10.975609756097562,11.181818181818182,20.454545454545453,30.081300813008134,0.37133198237485066
2023-2026,RJ Gleeson,2,68,3,9.352941176470589,34.0,53.0,36.76470588235294,0.37067108706781726
2023-2026,Washington Sundar,6,220,15,9.709090909090909,36.666666666666664,59.333333333333336,27.27272727272727,0.3665631819560642
2023-2026,HR Shokeen,3,114,8,9.421052631578947,38.0,59.666666666666664,34.21052631578947,0.365412091872117
2023-2026,Arshad Khan,12,260,18,10.823076923076924,21.666666666666668,39.083333333333336,36.53846153846153,0.36533702628074477
2023-2026,Yudhvir Singh,8,138,9,10.652173913043477,17.25,30.625,40.57971014492754,0.36440588365383964
2023-2026,Rasikh Salam,10,183,10,10.852459016393443,18.3,33.1,30.601092896174865,0.36186033900166437
2023-2026,XC Bartlett,2,84,5,9.357142857142858,42.0,65.5,44.047619047619044,0.358246573832775
2023-2026,Umran Malik,6,126,9,10.619047619047619,21.0,37.166666666666664,35.714285714285715,0.3526368119928583
2023-2026,SH Johnson,5,164,9,10.28048780487805,32.8,56.2,37.19512195121951,0.34497183848084
2023-2026,Abhishek Sharma,4,186,16,9.741935483870968,46.5,75.5,31.182795698924732,0.3427306433243845
2023-2026,Mayank Dagar,2,137,8,8.75912408759124,68.5,100.0,32.11678832116788,0.3425877419377665
2023-2026,V Viyaskanth,1,60,3,9.0,60.0,90.0,31.666666666666664,0.3418625752924196
2023-2026,Shahbaz Ahmed,9,264,24,10.886363636363637,29.333333333333332,53.22222222222222,27.27272727272727,0.33984991904301265
2023-2026,JO Holder,4,171,8,10.0,42.75,71.25,26.900584795321635,0.3377198816569272
2023-2026,C Sakariya,3,66,3,10.727272727272727,22.0,39.333333333333336,30.303030303030305,0.3354851409721259
2023-2026,RJW Topley,5,120,6,10.85,24.0,43.4,36.666666666666664,0.33471655121467414
2023-2026,Simarjeet Singh,8,132,8,11.636363636363637,16.5,32.0,37.878787878787875,0.3245463638210426
2023-2026,R Shepherd,11,180,13,12.0,16.363636363636363,32.72727272727273,27.77777777777778,0.3207147571097324
2023-2026,Lalit Yadav,3,96,6,10.8125,32.0,57.666666666666664,28.125,0.3166222006000973
2023-2026,CJ Jordan,3,132,6,10.545454545454545,44.0,77.33333333333333,33.33333333333333,0.3093749297275888
2023-2026,Fazalhaq Farooqi,4,182,9,10.615384615384615,45.5,80.5,32.417582417582416,0.3078681099165299
2023-2026,R Dhawan,1,60,5,10.2,60.0,102.0,41.66666666666667,0.291862575298372
2023-2026,W O'Rourke,6,62,3,12.483870967741936,10.333333333333334,21.5,24.193548387096776,0.2912684300825811
2023-2026,Akash Deep,5,165,9,11.6,33.0,63.8,31.515151515151512,0.28968592761046097
2023-2026,PVD Chameera,4,120,7,11.799999999999999,30.0,59.0,25.0,0.2822424317770948
2023-2026,Kartik Tyagi,3,109,6,11.889908256880734,36.333333333333336,72.0,27.522935779816514,0.2650950748315913
2023-2026,MJ Henry,1,90,5,9.933333333333334,90.0,149.0,31.11111111111111,0.25703827438171556
2023-2026,KT Maphaka,2,66,4,13.0,33.0,71.5,36.36363636363637,0.22024148317306388
