era,player,runs,balls_faced,innings,matches,strike_rate,avg_per_innings,boundary_pct,dot_pct,six_of_boundaries_pct,impact_score
2008-2012,V Sehwag,1865,1113,2,66,167.56513926325246,932.5,27.133872416891286,34.052111410601974,25.82781456953642,0.653785399340823
2008-2012,G Gambhir,2056,1596,2,71,128.82205513784461,1028.0,16.979949874686717,34.962406015037594,11.808118081180812,0.6047187347211223
2008-2012,SK Raina,2250,1611,3,78,139.66480446927375,750.0,17.752948479205465,33.33333333333333,33.91608391608392,0.5935416966709143
2008-2012,RG Sharma,1960,1521,2,73,128.86259040105193,980.0,16.173570019723865,36.357659434582516,33.33333333333333,0.5815079676495994
2008-2012,SR Tendulkar,2044,1710,2,64,119.53216374269007,1022.0,16.432748538011698,39.41520467836258,8.540925266903916,0.578918896215489
2008-2012,AC Gilchrist,1752,1254,2,67,139.71291866028707,876.0,22.248803827751196,45.53429027113238,30.824372759856633,0.5577318157790817
2008-2012,MS Dhoni,1779,1301,2,68,136.74096848578017,889.5,15.449654112221367,30.13066871637202,31.8407960199005,0.5569664144308524
2008-2012,CH Gayle,1796,1113,3,42,161.36567834681043,598.6666666666666,24.887690925426774,39.35309973045822,45.48736462093863,0.5539130015401066
2008-2012,JH Kallis,1957,1763,2,73,111.00397050482134,978.5,13.783323879750425,40.38570618264322,15.22633744855967,0.5367841032958895
2008-2012,SE Marsh,1597,1177,2,41,135.68394222599832,798.5,18.861512319456246,36.78844519966015,26.576576576576578,0.5101693247688841
2008-2012,R Dravid,1702,1454,2,65,117.05639614855572,851.0,15.680880330123797,39.95873452544704,10.087719298245613,0.48977563643574984
2008-2012,V Kohli,1638,1371,2,69,119.47483588621444,819.0,14.87964989059081,38.439095550692926,24.509803921568626,0.4801931389535675
2008-2012,KC Sangakkara,1560,1249,2,59,124.89991993594876,780.0,16.653322658126502,36.34907926341073,12.5,0.4746181606253116
2008-2012,RV Uthappa,1532,1209,2,70,126.71629445822994,766.0,16.2944582299421,39.784946236559136,29.949238578680205,0.47229393721060686
2008-2012,YK Pathan,1497,992,3,69,150.90725806451613,499.0,20.866935483870968,36.08870967741936,40.09661835748793,0.4668403368735887
2008-2012,S Dhawan,1535,1256,2,57,122.21337579617835,767.5,16.003184713375795,38.296178343949045,17.91044776119403,0.46192927841104936
2008-2012,SR Watson,1232,840,2,38,146.66666666666666,616.0,21.30952380952381,38.333333333333336,32.960893854748605,0.44859674770396274
2008-2012,M Vijay,1288,963,2,48,133.74870197300103,644.0,17.75700934579439,41.64070612668744,33.91812865497076,0.43037070332000915
2008-2012,AB de Villiers,1289,1010,2,52,127.62376237623762,644.5,13.663366336633665,32.37623762376238,28.985507246376812,0.41552449456163554
2008-2012,DPMD Jayawardene,1475,1150,3,63,128.26086956521738,491.6666666666667,16.956521739130434,35.73913043478261,17.435897435897434,0.40653912280817484
2008-2012,S Badrinath,1314,1088,2,58,120.77205882352942,657.0,15.716911764705882,38.143382352941174,16.374269005847953,0.4047155312462084
2008-2012,KD Karthik,1231,992,2,62,124.09274193548387,615.5,15.020161290322582,34.67741935483871,18.79194630872483,0.39274218388884147
2008-2012,SC Ganguly,1343,1257,2,56,106.84168655529038,671.5,14.160700079554495,47.25536992840095,23.03370786516854,0.3774392673604683
2008-2012,Yuvraj Singh,1240,939,3,55,132.05537806176784,413.3333333333333,17.145899893503728,40.04259850905218,41.61490683229814,0.36770187391867853
2008-2012,DA Warner,1015,751,2,39,135.1531291611185,507.5,19.573901464713714,42.743009320905465,29.25170068027211,0.367540968209105
2008-2012,AT Rayudu,1081,845,2,45,127.92899408284025,540.5,15.976331360946746,34.9112426035503,26.666666666666668,0.3657700856906405
2008-2012,ML Hayden,1096,799,3,32,137.17146433041302,365.3333333333333,20.40050062578223,41.55193992490614,26.993865030674847,0.350779321125254
2008-2012,A Symonds,973,745,2,36,130.60402684563758,486.5,15.436241610738255,36.644295302013425,35.65217391304348,0.3461356776414225
2008-2012,BB McCullum,1220,991,3,47,123.1079717457114,406.6666666666667,17.255297679112008,43.99596367305752,27.485380116959064,0.3415587237633117
2008-2012,TM Dilshan,1063,909,2,45,116.94169416941693,531.5,16.39163916391639,43.34433443344334,16.10738255033557,0.33433170083478614
2008-2012,BJ Hodge,1006,823,2,45,122.23572296476306,503.0,14.459295261239369,37.0595382746051,23.52941176470588,0.33353306248777337
2008-2012,DJ Hussey,965,768,2,46,125.65104166666667,482.5,14.192708333333334,37.36979166666667,44.03669724770643,0.33199125303320215
2008-2012,IK Pathan,928,722,2,59,128.53185595567865,464.0,14.81994459833795,34.62603878116344,31.775700934579437,0.3301039472287704
2008-2012,ST Jayasuriya,760,529,2,30,143.66729678638941,380.0,23.062381852551987,47.44801512287334,31.147540983606557,0.3265970988181326
2008-2012,LRPL Taylor,888,683,2,45,130.01464128843338,444.0,14.93411420204978,36.896046852122986,43.13725490196079,0.3240440854141833
2008-2012,JP Duminy,977,819,2,38,119.2918192918193,488.5,11.72161172161172,32.356532356532355,36.45833333333333,0.3192388888806882
2008-2012,MEK Hussey,958,793,2,28,120.80706179066836,479.0,15.132408575031524,38.08322824716267,20.833333333333336,0.3183581862781464
2008-2012,NV Ojha,955,811,2,52,117.75585696670777,477.5,16.52281134401973,48.95191122071517,37.3134328358209,0.3101129669837973
2008-2012,JA Morkel,774,531,3,55,145.76271186440678,258.0,17.51412429378531,31.826741996233523,47.31182795698925,0.30592026152148005
2008-2012,RA Jadeja,900,743,2,48,121.13055181695829,450.0,13.458950201884253,36.47375504710632,35.0,0.305071612607295
2008-2012,KA Pollard,638,436,2,37,146.3302752293578,319.0,19.954128440366972,38.07339449541284,42.5287356321839,0.3035335280038851
2008-2012,DJ Bravo,831,653,2,43,127.25880551301685,415.5,14.548238897396631,38.74425727411945,40.0,0.30341429145901233
2008-2012,MK Tiwary,963,851,2,47,113.16098707403054,481.5,12.690951821386603,37.72032902467685,20.37037037037037,0.3007358779087063
2008-2012,Y Venugopal Rao,909,769,2,47,118.20546163849156,454.5,13.654096228868662,39.14174252275683,35.23809523809524,0.30005091007453555
2008-2012,AM Rahane,827,669,2,32,123.61733931240657,413.5,16.89088191330344,37.369207772795214,13.274336283185843,0.2934721211874694
2008-2012,CL White,736,561,2,32,131.19429590017825,368.0,15.151515151515152,32.0855614973262,34.11764705882353,0.29004171741465884
2008-2012,KP Pietersen,633,448,2,21,141.29464285714286,316.5,18.526785714285715,36.607142857142854,36.144578313253014,0.2899139559111926
2008-2012,SS Tiwary,832,692,2,44,120.23121387283237,416.0,12.427745664739884,34.82658959537572,37.2093023255814,0.2863443641553453
2008-2012,HH Gibbs,886,805,2,36,110.06211180124224,443.0,14.161490683229813,46.95652173913044,27.192982456140353,0.2744046120784708
2008-2012,PA Patel,906,846,2,51,107.0921985815603,453.0,14.539007092198581,45.27186761229314,10.569105691056912,0.27194449560918155
2008-2012,MK Pandey,802,688,2,37,116.56976744186048,401.0,15.406976744186046,43.75,21.69811320754717,0.27003967691942804
2008-2012,DR Smith,438,293,2,20,149.48805460750853,219.0,20.477815699658702,36.86006825938566,40.0,0.2627490339479641
2008-2012,Harbhajan Singh,422,281,2,39,150.1779359430605,211.0,22.064056939501782,38.07829181494662,35.483870967741936,0.26056347900281257
2008-2012,JD Ryder,596,455,2,29,130.98901098901098,298.0,18.9010989010989,41.97802197802198,22.093023255813954,0.255541325246675
2008-2012,TL Suman,624,515,2,34,121.16504854368932,312.0,14.174757281553399,40.77669902912621,35.61643835616438,0.23813854322521502
2008-2012,GC Smith,731,664,2,29,110.09036144578313,365.5,15.210843373493976,44.42771084337349,8.91089108910891,0.23683725589314708
2008-2012,OA Shah,480,365,2,20,131.50684931506848,240.0,15.068493150684931,35.06849315068493,41.81818181818181,0.22865003222045052
2008-2012,AM Nayar,559,454,2,37,123.12775330396475,279.5,14.096916299559473,36.56387665198238,29.6875,0.22719050580186387
2008-2012,JR Hopes,417,305,2,19,136.72131147540983,208.5,19.672131147540984,36.39344262295082,18.333333333333332,0.22619846415743095
2008-2012,MJ Lumb,278,191,2,12,145.5497382198953,139.0,26.701570680628272,46.596858638743456,11.76470588235294,0.2141957923312357
2008-2012,PC Valthaty,493,397,2,22,124.18136020151134,246.5,20.151133501259448,51.13350125944584,25.0,0.2137600512716204
2008-2012,Mandeep Singh,482,393,2,23,122.64631043256998,241.0,16.793893129770993,40.71246819338422,12.121212121212121,0.2073073868677136
2008-2012,F du Plessis,397,303,2,12,131.02310231023102,198.5,15.181518151815181,34.65346534653465,36.95652173913043,0.2073043227589449
2008-2012,SPD Smith,350,262,2,14,133.58778625954199,175.0,13.740458015267176,26.33587786259542,36.11111111111111,0.20221002718093195
2008-2012,MA Agarwal,362,274,2,19,132.1167883211679,181.0,19.708029197080293,44.52554744525548,35.18518518518518,0.20149999474656755
2008-2012,SA Asnodkar,423,337,2,19,125.51928783382789,211.5,19.584569732937684,44.21364985163205,15.151515151515152,0.20005875583390362
2008-2012,MS Bisla,499,426,2,22,117.13615023474178,249.5,15.492957746478872,44.60093896713615,24.242424242424242,0.19786081570321604
2008-2012,WP Saha,372,290,2,26,128.2758620689655,186.0,14.482758620689657,36.206896551724135,38.095238095238095,0.19446591332928945
2008-2012,MV Boucher,387,307,2,23,126.05863192182409,193.5,14.332247557003258,34.85342019543974,27.27272727272727,0.1926459658207124
2008-2012,S Sohal,368,289,2,20,127.33564013840831,184.0,17.99307958477509,47.05882352941176,34.61538461538461,0.19117836376399203
2008-2012,MF Maharoof,177,123,2,14,143.90243902439025,88.5,17.073170731707318,34.959349593495936,42.857142857142854,0.1856128840130585
2008-2012,AD Mathews,375,304,2,19,123.35526315789474,187.5,12.171052631578947,31.907894736842106,32.432432432432435,0.18307228293152175
2008-2012,LR Shukla,371,300,2,28,123.66666666666666,185.5,15.333333333333332,39.0,32.608695652173914,0.18286816149501747
2008-2012,LA Pomersbach,243,184,2,13,132.06521739130434,121.5,17.391304347826086,39.130434782608695,37.5,0.17247748268833218
2008-2012,DB Ravi Teja,359,298,2,23,120.46979865771812,179.5,14.76510067114094,37.58389261744966,20.454545454545457,0.1720787239512666
2008-2012,M Manhas,466,430,2,31,108.37209302325581,233.0,11.162790697674419,38.604651162790695,18.75,0.16825719051938726
2008-2012,RS Bopara,386,333,2,14,115.91591591591592,193.0,12.912912912912914,36.93693693693694,23.25581395348837,0.1674161699704837
2008-2012,SM Katich,240,185,2,11,129.72972972972974,120.0,18.37837837837838,43.24324324324324,23.52941176470588,0.16599546056257367
2008-2012,DT Christian,328,275,2,20,119.27272727272727,164.0,10.545454545454545,29.818181818181817,41.37931034482759,0.16160230180744883
2008-2012,AL Menaria,394,352,2,22,111.93181818181819,197.0,11.647727272727272,39.48863636363637,41.46341463414634,0.15954374195042623
2008-2012,PD Collingwood,203,156,2,7,130.12820512820514,101.5,14.102564102564102,36.53846153846153,59.09090909090909,0.1579928159996229
2008-2012,Azhar Mahmood,186,142,2,10,130.98591549295776,93.0,16.901408450704224,37.32394366197183,33.33333333333333,0.15597789538524315
2008-2012,J Botha,334,291,2,19,114.77663230240549,167.0,10.996563573883162,32.98969072164948,9.375,0.1519829105411775
2008-2012,S Vidyut,145,109,2,8,133.0275229357798,72.5,22.018348623853214,44.95412844036697,12.5,0.15105189461912238
2008-2012,SM Pollock,147,111,2,8,132.43243243243242,73.5,18.01801801801802,37.83783783783784,40.0,0.1500715040021339
2008-2012,PP Chawla,336,296,2,39,113.51351351351352,168.0,13.513513513513514,41.55405405405405,22.5,0.14935680616530142
2008-2012,DB Das,229,186,2,16,123.11827956989248,114.5,15.591397849462366,41.39784946236559,37.93103448275862,0.14703688563107717
2008-2012,AC Voges,181,143,2,7,126.57342657342659,90.5,12.587412587412588,30.76923076923077,16.666666666666664,0.14389346151354138
2008-2012,STR Binny,135,103,2,9,131.06796116504856,67.5,15.53398058252427,34.95145631067961,25.0,0.14379624736147975
2008-2012,JEC Franklin,327,300,2,16,109.00000000000001,163.5,11.333333333333332,38.333333333333336,26.47058823529412,0.13605221812623386
2008-2012,MN van Wyk,163,131,2,5,124.42748091603053,81.5,14.50381679389313,31.297709923664126,5.263157894736842,0.13423609800243705
2008-2012,S Anirudha,133,105,2,10,126.66666666666666,66.5,15.238095238095239,39.04761904761905,43.75,0.13246784848560664
2008-2012,B Chipli,264,233,2,20,113.30472103004293,132.0,14.163090128755366,40.772532188841204,18.181818181818183,0.1313594672756657
2008-2012,Salman Butt,192,160,2,7,120.0,96.0,20.0,46.875,6.25,0.1303705779219451
2008-2012,P Kumar,243,212,2,37,114.62264150943395,121.5,13.679245283018867,48.58490566037736,48.275862068965516,0.12950701610721443
2008-2012,AB Agarkar,165,135,2,16,122.22222222222223,82.5,13.333333333333334,35.55555555555556,27.77777777777778,0.12928899519300835
2008-2012,Y Nagar,285,259,2,20,110.03861003861005,142.5,11.196911196911197,38.996138996138995,31.03448275862069,0.12841247506727277
2008-2012,SP Fleming,192,162,2,10,118.5185185185185,96.0,17.901234567901234,48.148148148148145,10.344827586206897,0.1267208904605471
2008-2012,MD Mishra,235,206,2,17,114.07766990291262,117.5,15.53398058252427,47.0873786407767,25.0,0.12622190500789687
2008-2012,AS Raut,194,167,2,16,116.1676646706587,97.0,11.976047904191617,37.12574850299401,35.0,0.12141510830559549
2008-2012,EJG Morgan,172,147,2,13,117.00680272108843,86.0,15.646258503401361,43.53741496598639,17.391304347826086,0.11814033889932242
2008-2012,RE van der Merwe,137,116,2,13,118.10344827586208,68.5,14.655172413793101,44.827586206896555,47.05882352941176,0.11234330183871706
2008-2012,VVS Laxman,276,266,2,20,103.7593984962406,138.0,13.909774436090224,44.73684210526316,10.81081081081081,0.11075802100754706
2008-2012,M Kaif,259,249,2,22,104.01606425702812,129.5,11.244979919678714,44.57831325301205,21.428571428571427,0.10726240354865547
2008-2012,R Vinay Kumar,217,207,2,30,104.83091787439614,108.5,9.178743961352657,37.68115942028986,26.31578947368421,0.09907142781130976
2008-2012,AA Jhunjhunwala,217,209,2,15,103.82775119617224,108.5,11.483253588516746,42.58373205741627,20.833333333333336,0.09660008753944573
2008-2012,FY Fazal,183,172,2,11,106.3953488372093,91.5,13.372093023255813,38.95348837209303,4.3478260869565215,0.09466961739820083
2008-2012,R Bhatia,126,113,2,23,111.50442477876106,63.0,13.274336283185843,38.93805309734513,26.666666666666668,0.09341534047596405
2008-2012,DJ Harris,111,101,2,4,109.9009900990099,55.5,15.841584158415841,49.504950495049506,31.25,0.08582293103832418
2008-2012,A Mishra,185,181,2,29,102.20994475138122,92.5,10.497237569060774,37.569060773480665,15.789473684210526,0.08484434911769742
2008-2012,W Jaffer,130,121,2,8,107.43801652892562,65.0,14.049586776859504,46.28099173553719,17.647058823529413,0.08436886115082745
2008-2012,CA Pujara,173,168,2,12,102.97619047619047,86.5,13.690476190476192,45.83333333333333,17.391304347826086,0.08381819696292474
2008-2012,DL Vettori,121,112,2,16,108.03571428571428,60.5,11.607142857142858,35.714285714285715,15.384615384615385,0.08365594159965986
2008-2012,SP Goswami,241,251,2,16,96.01593625498009,120.5,11.155378486055776,45.81673306772908,7.142857142857142,0.08318303330504194
2008-2012,R Sathish,137,130,2,13,105.38461538461539,68.5,9.230769230769232,37.69230769230769,0.0,0.08100996051312773
2008-2012,RJ Harris,114,106,2,19,107.54716981132076,57.0,8.49056603773585,40.56603773584906,33.33333333333333,0.0807526599771661
2008-2012,M Kartik,110,104,2,12,105.76923076923077,55.0,7.6923076923076925,28.846153846153843,12.5,0.07540136160611079
2008-2012,AJ Finch,123,118,2,9,104.23728813559323,61.5,12.711864406779661,46.61016949152542,26.666666666666668,0.07478400857001315
2008-2012,K Goel,218,231,2,16,94.37229437229438,109.0,11.255411255411255,52.81385281385281,34.61538461538461,0.07354901958052772
2008-2012,N Saini,140,140,2,10,100.0,70.0,11.428571428571429,46.42857142857143,0.0,0.06847320741922991
2008-2012,NK Patel,121,119,2,6,101.68067226890756,60.5,12.605042016806722,47.05882352941176,6.666666666666667,0.0680000475130171
2008-2012,MN Samuels,124,123,2,8,100.8130081300813,62.0,9.75609756097561,43.90243902439025,41.66666666666667,0.06659098013883347
2008-2012,SB Styris,131,132,2,10,99.24242424242425,65.5,9.848484848484848,38.63636363636363,23.076923076923077,0.06442151866036747
2008-2012,SK Warne,197,213,2,27,92.48826291079813,98.5,9.389671361502346,46.948356807511736,30.0,0.06380843481288422
2008-2012,RJ Quiney,103,102,2,7,100.98039215686273,51.5,14.705882352941178,52.94117647058824,20.0,0.06190413750652709
2008-2012,R McLaren,156,165,2,11,94.54545454545455,78.0,9.090909090909092,39.39393939393939,6.666666666666667,0.058920826311698815
2008-2012,JDP Oram,106,107,2,11,99.06542056074767,53.0,10.2803738317757,43.925233644859816,45.45454545454545,0.05791498732815395
2008-2012,P Dogra,122,130,2,11,93.84615384615384,61.0,6.923076923076923,43.07692307692308,55.55555555555556,0.048942224580938956
2008-2012,Z Khan,98,107,2,19,91.58878504672897,49.0,10.2803738317757,47.66355140186916,9.090909090909092,0.03755345160520929
2008-2012,CJ Ferguson,98,117,2,8,83.76068376068376,49.0,7.6923076923076925,47.863247863247864,0.0,0.01826861850580238
2013-2017,DA Warner,2970,2058,3,75,144.31486880466474,990.0,19.87366375121477,34.88824101068999,27.87286063569682,0.7526284668333499
2013-2017,V Kohli,2774,2023,3,72,137.12308452792882,924.6666666666666,16.75729115175482,32.92140385565991,32.15339233038348,0.6947227444017015
2013-2017,SK Raina,2276,1640,2,79,138.78048780487805,1138.0,17.5,31.524390243902438,26.480836236933797,0.6826719098428737
2013-2017,RV Uthappa,2235,1646,2,73,135.78371810449573,1117.5,18.469015795868774,35.662211421628186,21.710526315789476,0.6653336703041437
2013-2017,RG Sharma,2224,1682,2,80,132.22354340071342,1112.0,16.468489892984543,33.88822829964328,32.49097472924188,0.6538920315695809
2013-2017,AB de Villiers,2171,1330,3,66,163.2330827067669,723.6666666666666,22.781954887218046,29.849624060150376,37.95379537953795,0.6354046517184269
2013-2017,AM Rahane,2228,1862,2,73,119.656283566058,1114.0,14.339419978517723,36.62728249194414,16.853932584269664,0.6239033725222266
2013-2017,DR Smith,1941,1462,2,68,132.76333789329686,970.5,20.588235294117645,46.44322845417236,30.89700996677741,0.5865040497199195
2013-2017,G Gambhir,2056,1710,2,75,120.23391812865498,1028.0,15.67251461988304,37.485380116959064,9.328358208955224,0.5835615239486575
2013-2017,S Dhawan,2006,1657,2,69,121.06216053108028,1003.0,16.113458056729026,38.805069402534706,12.734082397003746,0.5734609797330521
2013-2017,MS Dhoni,1775,1292,2,75,137.38390092879257,887.5,15.944272445820435,34.984520123839005,44.66019417475729,0.55757902746556
2013-2017,KD Karthik,1663,1308,2,72,127.14067278287462,831.5,15.749235474006115,35.24464831804281,20.87378640776699,0.5051487032483087
2013-2017,KA Pollard,1703,1158,3,75,147.06390328151986,567.6666666666666,18.739205526770295,35.66493955094992,50.69124423963134,0.499610996169423
2013-2017,YK Pathan,1413,996,2,64,141.86746987951807,706.5,18.27309236947791,33.032128514056225,36.26373626373626,0.48072398424958446
2013-2017,CH Gayle,1814,1281,4,58,141.60811865729897,453.5,21.85792349726776,47.85323965651834,48.214285714285715,0.47466764375405135
2013-2017,GJ Maxwell,1219,733,3,53,166.30286493860845,406.3333333333333,24.147339699863572,36.01637107776262,46.32768361581921,0.44776598604798445
2013-2017,SV Samson,1426,1144,2,62,124.65034965034964,713.0,14.772727272727273,37.76223776223776,33.72781065088758,0.44146558391334556
2013-2017,BB McCullum,1516,1098,3,56,138.06921675774134,505.3333333333333,20.58287795992714,42.07650273224044,33.6283185840708,0.439109143112671
2013-2017,PA Patel,1410,1130,2,65,124.7787610619469,705.0,18.4070796460177,41.50442477876106,10.576923076923077,0.4378968258927425
2013-2017,DA Miller,1454,1027,3,58,141.57740993184032,484.6666666666667,16.55306718597858,32.03505355404089,42.94117647058823,0.4350390311398461
2013-2017,Yuvraj Singh,1339,1028,2,61,130.25291828793775,669.5,17.801556420233464,43.190661478599225,40.43715846994536,0.4341424744886233
2013-2017,AJ Finch,1478,1108,3,55,133.39350180505417,492.6666666666667,19.314079422382672,41.335740072202164,25.70093457943925,0.4197986925038478
2013-2017,AT Rayudu,1330,1062,2,60,125.23540489642184,665.0,14.030131826741995,32.580037664783426,28.859060402684566,0.419596263075734
2013-2017,WP Saha,1181,900,2,52,131.22222222222223,590.5,16.0,35.22222222222222,28.47222222222222,0.39816498517915866
2013-2017,SR Watson,1380,1045,3,60,132.05741626794259,460.0,18.947368421052634,42.39234449760765,31.818181818181817,0.39641295306503155
2013-2017,SPD Smith,1339,1026,3,48,130.50682261208578,446.3333333333333,15.204678362573098,30.896686159844055,19.230769230769234,0.38418623095144533
2013-2017,KK Nair,1153,910,2,50,126.7032967032967,576.5,17.582417582417584,40.32967032967033,16.25,0.3802335028053583
2013-2017,MK Pandey,1409,1153,3,57,122.20294882914138,469.6666666666667,13.356461405030357,33.13096270598439,27.27272727272727,0.3780823427063996
2013-2017,M Vijay,1223,1070,2,51,114.29906542056074,611.5,14.485981308411214,43.925233644859816,20.0,0.3666725272111283
2013-2017,LMP Simmons,1079,848,2,29,127.24056603773586,539.5,18.04245283018868,43.86792452830189,28.75816993464052,0.36358847825951857
2013-2017,JP Duminy,1013,772,2,35,131.21761658031087,506.5,13.601036269430052,29.792746113989637,40.95238095238095,0.35736004126964566
2013-2017,M Vohra,957,720,2,41,132.91666666666666,478.5,18.055555555555554,42.083333333333336,26.923076923076923,0.3479478515719639
2013-2017,MEK Hussey,1018,817,2,30,124.60220318237454,509.0,15.911872705018359,37.2093023255814,20.76923076923077,0.3422768072921792
2013-2017,AD Russell,527,305,2,23,172.78688524590166,263.5,25.901639344262296,33.77049180327869,43.037974683544306,0.3417575067651344
2013-2017,MC Henriques,916,708,2,46,129.3785310734463,458.0,15.254237288135593,33.47457627118644,24.074074074074073,0.3292759360232282
2013-2017,V Sehwag,848,627,2,38,135.24720893141946,424.0,21.690590111642745,43.22169059011164,19.852941176470587,0.32722195869901693
2013-2017,F du Plessis,897,708,2,34,126.69491525423729,448.5,14.40677966101695,31.497175141242938,20.588235294117645,0.3180511820456543
2013-2017,KM Jadhav,786,576,2,48,136.45833333333331,393.0,16.145833333333336,30.208333333333332,33.33333333333333,0.3151508308261548
2013-2017,SS Iyer,806,627,2,32,128.548644338118,403.0,17.703349282296653,40.5103668261563,28.82882882882883,0.30052138390256056
2013-2017,RA Jadeja,825,657,2,60,125.57077625570776,412.5,12.480974124809741,30.136986301369863,26.82926829268293,0.2977988512842982
2013-2017,RR Pant,563,372,2,24,151.34408602150538,281.5,20.698924731182796,33.87096774193548,38.961038961038966,0.29767381905325596
2013-2017,CH Morris,433,264,2,28,164.0151515151515,216.5,20.833333333333336,25.757575757575758,40.0,0.2973230090955803
2013-2017,KH Pandya,480,303,2,19,158.41584158415841,240.0,21.782178217821784,32.34323432343234,30.303030303030305,0.29494138510671325
2013-2017,Q de Kock,725,548,2,26,132.2992700729927,362.5,20.255474452554743,41.42335766423358,18.91891891891892,0.29009285504841326
2013-2017,SE Marsh,876,689,3,28,127.14078374455733,292.0,17.706821480406386,37.735849056603776,14.754098360655737,0.28095882831066565
2013-2017,CA Lynn,376,232,2,11,162.06896551724137,188.0,22.844827586206897,34.48275862068966,43.39622641509434,0.2786878189731441
2013-2017,HM Amla,575,406,2,16,141.6256157635468,287.5,19.950738916256157,34.23645320197045,25.925925925925924,0.276645816607607
2013-2017,KL Rahul,724,575,2,30,125.91304347826086,362.0,14.782608695652174,34.95652173913044,28.235294117647058,0.2741173175026046
2013-2017,SN Khan,176,101,2,11,174.25742574257427,88.0,24.752475247524753,23.762376237623762,24.0,0.2601507597099202
2013-2017,MK Tiwary,675,549,2,32,122.95081967213115,337.5,14.754098360655737,34.790528233151186,20.98765432098765,0.2549216308500158
2013-2017,EJG Morgan,682,558,2,32,122.22222222222223,341.0,14.874551971326163,40.86021505376344,36.144578313253014,0.2548264358290985
2013-2017,JC Buttler,527,362,3,24,145.58011049723757,175.66666666666666,20.994475138121548,38.67403314917127,34.21052631578947,0.2548247279779816
2013-2017,STR Binny,630,500,2,47,126.0,315.0,14.399999999999999,37.0,34.72222222222222,0.2515065490818205
2013-2017,AR Patel,606,473,2,42,128.1183932346723,303.0,13.107822410147993,31.289640591966172,45.16129032258064,0.2508976366912772
2013-2017,RA Tripathi,391,267,2,14,146.44194756554307,195.5,22.47191011235955,39.325842696629216,28.333333333333332,0.24383233573761554
2013-2017,GJ Bailey,597,475,2,33,125.6842105263158,298.5,14.526315789473685,34.73684210526316,27.536231884057973,0.2427155612603936
2013-2017,HH Pandya,404,282,2,33,143.26241134751774,202.0,18.439716312056735,37.234042553191486,53.84615384615385,0.23915607159018448
2013-2017,CJ Anderson,521,399,2,26,130.5764411027569,260.5,17.543859649122805,43.859649122807014,42.857142857142854,0.23631351566819994
2013-2017,SA Yadav,602,457,3,41,131.72866520787747,200.66666666666666,16.192560175054705,33.69803063457331,28.37837837837838,0.23607939712462836
2013-2017,Mandeep Singh,629,525,2,35,119.80952380952381,314.5,16.380952380952383,41.14285714285714,11.627906976744185,0.23601325029829523
2013-2017,JP Faulkner,510,372,3,43,137.09677419354838,170.0,15.86021505376344,33.60215053763441,38.983050847457626,0.23043996222685026
2013-2017,NLTC Perera,394,270,3,26,145.92592592592592,131.33333333333334,16.666666666666664,33.33333333333333,57.77777777777777,0.2284059027373765
2013-2017,NV Ojha,587,493,2,41,119.06693711967546,293.5,12.981744421906694,40.36511156186612,43.75,0.22398545956719124
2013-2017,BJ Hodge,393,289,2,18,135.98615916955018,196.5,15.916955017301039,32.52595155709342,32.608695652173914,0.21855973093551748
2013-2017,DJ Hooda,367,266,2,30,137.9699248120301,183.5,14.661654135338345,31.203007518796994,51.28205128205128,0.21713352014800102
2013-2017,BA Stokes,316,221,2,11,142.98642533936652,158.0,16.7420814479638,28.95927601809955,40.54054054054054,0.217108094283704
2013-2017,SP Narine,262,177,2,28,148.0225988700565,131.0,25.98870056497175,45.76271186440678,26.08695652173913,0.21640267652879544
2013-2017,A Ashish Reddy,245,164,2,18,149.390243902439,122.5,16.463414634146343,28.04878048780488,51.85185185185185,0.21564399987415786
2013-2017,N Rana,433,337,2,15,128.486646884273,216.5,16.320474777448073,39.762611275964396,45.45454545454545,0.209797151030943
2013-2017,KS Williamson,411,317,2,15,129.65299684542586,205.5,14.511041009463725,31.545741324921135,23.91304347826087,0.2073284809399257
2013-2017,Harbhajan Singh,368,276,2,43,133.33333333333331,184.0,19.202898550724637,43.47826086956522,35.84905660377358,0.20595391507830202
2013-2017,DJ Bravo,423,339,2,38,124.7787610619469,211.5,15.929203539823009,38.34808259587021,18.51851851851852,0.1982344392238432
2013-2017,Shakib Al Hasan,379,287,3,22,132.05574912891987,126.33333333333333,16.02787456445993,32.05574912891986,26.08695652173913,0.19116053168994776
2013-2017,SS Tiwary,439,366,2,20,119.94535519125684,219.5,14.207650273224044,37.15846994535519,25.0,0.19021225972822023
2013-2017,AD Mathews,347,269,2,22,128.99628252788105,173.5,13.382899628252787,31.970260223048324,47.22222222222222,0.19017022139967157
2013-2017,MA Agarwal,448,381,2,29,117.58530183727034,224.0,16.010498687664043,43.30708661417323,22.950819672131146,0.18658354746959602
2013-2017,P Negi,316,242,2,25,130.57851239669424,158.0,15.289256198347106,38.01652892561984,40.54054054054054,0.18654071638863678
2013-2017,Ishan Kishan,319,246,2,15,129.67479674796746,159.5,19.10569105691057,42.27642276422765,27.659574468085108,0.18504283471249047
2013-2017,KP Pietersen,367,294,2,15,124.82993197278911,183.5,16.3265306122449,37.755102040816325,20.833333333333336,0.1847626348499412
2013-2017,RN ten Doeschate,198,141,2,15,140.4255319148936,99.0,17.73049645390071,31.914893617021278,36.0,0.18214658733908473
2013-2017,TM Head,204,147,2,10,138.77551020408163,102.0,13.60544217687075,27.2108843537415,40.0,0.1795386086481941
2013-2017,SW Billings,226,166,2,10,136.14457831325302,113.0,16.867469879518072,30.120481927710845,17.857142857142858,0.1783992239833853
2013-2017,R Dravid,471,424,2,17,111.08490566037736,235.5,16.27358490566038,46.93396226415094,7.246376811594203,0.17615440552005554
2013-2017,AC Gilchrist,294,229,2,13,128.38427947598254,147.0,20.52401746724891,44.54148471615721,12.76595744680851,0.17579311918294185
2013-2017,BJ Rohrer,193,141,3,8,136.8794326241135,64.33333333333333,18.439716312056735,36.87943262411347,19.230769230769234,0.16490581586599778
2013-2017,SR Tendulkar,287,231,2,14,124.24242424242425,143.5,19.047619047619047,42.857142857142854,11.363636363636363,0.16388976389298618
2013-2017,DJG Sammy,295,241,2,20,122.40663900414938,147.5,13.692946058091287,40.66390041493776,54.54545454545454,0.161309787568868
2013-2017,AP Tare,289,236,2,23,122.45762711864407,144.5,18.220338983050848,46.186440677966104,18.6046511627907,0.1599784845746461
2013-2017,DJ Hussey,351,302,2,15,116.22516556291392,175.5,13.245033112582782,36.423841059602644,30.0,0.15967935235393707
2013-2017,JH Kallis,462,450,2,22,102.66666666666666,231.0,12.222222222222221,43.77777777777778,12.727272727272727,0.15323037383392613
2013-2017,KV Sharma,316,271,2,33,116.60516605166052,158.0,11.808118081180812,38.00738007380074,43.75,0.15211683219789937
2013-2017,R Bhatia,216,171,2,24,126.3157894736842,108.0,12.865497076023392,35.08771929824561,40.909090909090914,0.1517574286550225
2013-2017,MJ Guptill,183,142,2,10,128.8732394366197,91.5,19.014084507042252,45.07042253521127,25.925925925925924,0.15004477834675756
2013-2017,JA Morkel,193,152,2,12,126.9736842105263,96.5,14.473684210526317,37.5,45.45454545454545,0.14779334023651952
2013-2017,Azhar Mahmood,202,161,2,11,125.46583850931677,101.0,17.391304347826086,39.130434782608695,17.857142857142858,0.14626407479766737
2013-2017,R Sathish,132,100,2,11,132.0,66.0,16.0,38.0,37.5,0.145363904312527
2013-2017,Gurkeerat Singh,256,220,2,20,116.36363636363636,128.0,14.09090909090909,38.18181818181819,22.58064516129032,0.1369526723362502
2013-2017,MR Marsh,147,117,2,9,125.64102564102564,73.5,13.675213675213676,38.46153846153847,62.5,0.13334060825913496
2013-2017,MP Stoinis,163,132,2,8,123.48484848484848,81.5,13.636363636363635,35.60606060606061,22.22222222222222,0.1319138862112023
2013-2017,DPMD Jayawardene,331,312,2,15,106.08974358974359,165.5,14.423076923076922,47.756410256410255,13.333333333333334,0.1298539639899563
2013-2017,MS Bisla,295,274,2,17,107.66423357664235,147.5,17.88321167883212,54.379562043795616,14.285714285714285,0.12499129630712605
2013-2017,RS Bopara,145,120,2,8,120.83333333333333,72.5,10.0,30.833333333333336,50.0,0.1210110325157005
2013-2017,CL White,226,196,3,13,115.3061224489796,75.33333333333333,13.77551020408163,40.816326530612244,33.33333333333333,0.11852555204863434
2013-2017,PP Chawla,178,155,2,26,114.83870967741936,89.0,15.483870967741936,44.516129032258064,25.0,0.11425607125627593
2013-2017,CM Gautam,169,149,2,13,113.42281879194631,84.5,15.436241610738255,50.33557046979866,26.08695652173913,0.10858259748155713
2013-2017,UBT Chand,262,253,2,16,103.55731225296442,131.0,14.229249011857709,49.40711462450593,16.666666666666664,0.10686070718093488
2013-2017,R Dhawan,153,135,2,16,113.33333333333333,76.5,12.592592592592592,41.48148148148148,23.52941176470588,0.10447704201527222
2013-2017,BB Samantray,123,111,2,7,110.8108108108108,61.5,13.513513513513514,40.54054054054054,13.333333333333334,0.09097813828735896
2013-2017,R Ashwin,173,164,2,22,105.48780487804879,86.5,11.585365853658537,38.41463414634146,10.526315789473683,0.09000565708639673
2013-2017,MM Sharma,112,102,2,20,109.80392156862746,56.0,11.76470588235294,42.15686274509804,33.33333333333333,0.08582661795862917
2013-2017,CA Pujara,217,222,2,10,97.74774774774775,108.5,13.963963963963963,49.549549549549546,0.0,0.08162176170254014
2013-2017,IK Pathan,221,225,3,23,98.22222222222223,73.66666666666667,8.444444444444445,38.22222222222222,21.052631578947366,0.0754134805900996
2013-2017,GH Vihari,277,311,2,21,89.06752411575563,138.5,7.717041800643088,42.443729903536976,4.166666666666666,0.0748068339868087
2013-2017,S Badrinath,124,120,2,7,103.33333333333334,62.0,9.166666666666666,35.833333333333336,0.0,0.07279989966157759
2013-2017,MG Johnson,151,153,2,26,98.69281045751634,75.5,9.803921568627452,48.36601307189542,46.666666666666664,0.0679239043285265
2013-2017,B Kumar,117,116,2,24,100.86206896551724,58.5,12.068965517241379,49.137931034482754,21.428571428571427,0.06501211018330391
2013-2017,MC Juneja,125,128,2,7,97.65625,62.5,9.375,37.5,8.333333333333332,0.05905700229087976
2013-2017,P Kumar,95,100,2,20,95.0,47.5,10.0,45.0,30.0,0.0452286557019556
2013-2017,LRPL Taylor,122,135,2,9,90.37037037037037,61.0,6.666666666666667,40.74074074074074,11.11111111111111,0.04037949630612068
2013-2017,A Mishra,154,180,2,20,85.55555555555556,77.0,7.222222222222221,44.44444444444444,15.384615384615385,0.03628822114817283
2013-2017,KC Sangakkara,120,136,2,9,88.23529411764706,60.0,9.558823529411764,44.85294117647059,0.0,0.03463401454352831
2013-2017,PA Reddy,91,101,2,7,90.0990099009901,45.5,8.91089108910891,43.56435643564357,0.0,0.032183599139371556
2013-2017,AM Nayar,105,119,2,13,88.23529411764706,52.5,8.403361344537815,47.89915966386555,10.0,0.030991729031842916
2018-2022,KL Rahul,3168,2277,3,69,139.1304347826087,1056.0,17.830478700043916,33.509003074220466,34.48275862068966,0.7804549789044606
2018-2022,JC Buttler,2285,1522,2,57,150.13140604467804,1142.5,21.944809461235216,37.582128777923785,32.035928143712574,0.7128207113331122
2018-2022,S Dhawan,2675,2012,3,79,132.95228628230615,891.6666666666666,18.141153081510936,34.24453280318092,18.08219178082192,0.6641485362773234
2018-2022,SV Samson,2094,1444,2,71,145.01385041551248,1047.0,18.559556786703602,33.03324099722992,37.6865671641791,0.6538349777540302
2018-2022,F du Plessis,2106,1591,2,63,132.3695788812068,1053.0,17.347580138277813,36.26649905719673,25.724637681159418,0.6255991496512237
2018-2022,SA Yadav,2033,1464,2,66,138.86612021857923,1016.5,20.01366120218579,35.51912568306011,21.501706484641637,0.6238778433475081
2018-2022,RR Pant,2272,1546,4,73,146.95989650711513,568.0,20.18111254851229,33.18240620957309,31.41025641025641,0.5731111257955577
2018-2022,Shubman Gill,1894,1511,2,70,125.34745201853077,947.0,15.486432825943083,34.612839179351425,20.085470085470085,0.5568222307743416
2018-2022,V Kohli,2203,1721,3,74,128.00697269029635,734.3333333333334,14.816966879721091,32.074375363160954,23.137254901960784,0.5551851392641374
2018-2022,N Rana,1737,1283,2,70,135.38581449727204,868.5,19.01792673421668,39.82852689010132,34.83606557377049,0.543429540247051
2018-2022,PP Shaw,1587,1074,2,63,147.76536312849163,793.5,22.998137802607076,37.523277467411546,22.267206477732792,0.5375041864367588
2018-2022,Q de Kock,2034,1514,3,66,134.3461030383091,678.0,17.899603698811095,37.714663143989426,30.996309963099634,0.5361495215274765
2018-2022,AD Russell,1451,804,3,56,180.4726368159204,483.6666666666667,28.109452736318406,40.92039800995025,60.61946902654868,0.5302438110869829
2018-2022,AT Rayudu,1756,1371,2,68,128.08169219547776,878.0,16.484318016046682,37.053245805981035,36.72566371681416,0.5300491114777574
2018-2022,AB de Villiers,1688,1060,3,52,159.24528301886792,562.6666666666666,20.849056603773587,29.71698113207547,42.98642533936652,0.5265446516044937
2018-2022,DA Warner,1868,1356,3,48,137.75811209439527,622.6666666666666,17.10914454277286,33.775811209439524,24.137931034482758,0.5105179560368753
2018-2022,SS Iyer,1966,1583,3,68,124.19456727732154,655.3333333333334,14.213518635502211,34.04927353126974,29.777777777777775,0.4971978744695757
2018-2022,Ishan Kishan,1543,1160,2,55,133.01724137931035,771.5,17.5,37.5,35.467980295566505,0.4904875752924837
2018-2022,RA Tripathi,1398,1006,2,60,138.96620278330022,699.0,18.09145129224652,34.09542743538768,28.021978021978022,0.469934313991217
2018-2022,JM Bairstow,1289,901,2,39,143.06326304106548,644.5,20.865704772475027,39.289678135405104,29.25531914893617,0.45356030715263623
2018-2022,KD Karthik,1468,993,3,73,147.83484390735146,489.3333333333333,20.342396777442097,33.131923464249745,31.18811881188119,0.4533250698010741
2018-2022,MS Dhoni,1396,1071,2,62,130.3454715219421,698.0,15.406162464985995,37.254901960784316,42.42424242424242,0.4482111679379467
2018-2022,MA Agarwal,1511,1069,3,59,141.34705332086062,503.6666666666667,18.896164639850326,34.05051449953228,28.71287128712871,0.44615900508578765
2018-2022,KS Williamson,1690,1348,3,59,125.37091988130564,563.3333333333334,14.910979228486648,34.718100890207715,26.368159203980102,0.4435039222225261
2018-2022,RG Sharma,1661,1311,3,68,126.69717772692601,553.6666666666666,17.620137299771166,42.028985507246375,29.004329004329005,0.44082495533738403
2018-2022,SR Watson,1252,916,2,43,136.6812227074236,626.0,20.41484716157205,43.5589519650655,36.36363636363637,0.42885359739639445
2018-2022,HH Pandya,1560,1045,5,67,149.2822966507177,312.0,19.617224880382775,32.631578947368425,40.487804878048784,0.42861075476179256
2018-2022,CH Gayle,1346,937,3,41,143.64994663820704,448.6666666666667,21.77161152614728,43.86339381003202,45.588235294117645,0.418000132947909
2018-2022,GJ Maxwell,1087,756,2,50,143.78306878306879,543.5,19.31216931216931,34.65608465608466,30.82191780821918,0.40628413180602096
2018-2022,RD Gaikwad,1203,920,2,36,130.7608695652174,601.5,16.956521739130434,36.08695652173913,27.564102564102566,0.4023704436495322
2018-2022,D Padikkal,1257,1010,2,46,124.45544554455445,628.5,17.02970297029703,40.099009900990104,20.930232558139537,0.39994901327536714
2018-2022,SP Narine,752,445,2,52,168.98876404494382,376.0,28.539325842696627,45.39325842696629,40.15748031496063,0.3870349695967116
2018-2022,MK Pandey,1428,1158,3,53,123.3160621761658,476.0,13.903281519861832,34.196891191709845,24.84472049689441,0.3847203630385783
2018-2022,SO Hetmyer,829,543,2,43,152.67034990791896,414.5,19.70534069981584,33.70165745856354,48.598130841121495,0.3655309849839491
2018-2022,MM Ali,910,632,2,42,143.9873417721519,455.0,20.411392405063292,39.08227848101266,41.08527131782946,0.3638083972508305
2018-2022,MP Stoinis,905,643,2,51,140.74650077760498,452.5,17.573872472783826,32.8149300155521,38.93805309734513,0.35461036377929556
2018-2022,N Pooran,912,604,3,43,150.9933774834437,304.0,19.370860927152318,36.258278145695364,55.55555555555556,0.3471021818643543
2018-2022,CA Lynn,935,700,2,30,133.57142857142856,467.5,20.285714285714285,43.0,29.577464788732392,0.34421886433344906
2018-2022,SK Raina,987,774,2,43,127.51937984496125,493.5,17.31266149870801,36.17571059431525,22.388059701492537,0.34193599581918066
2018-2022,KA Pollard,1070,721,5,56,148.40499306518723,214.0,19.00138696255201,36.47711511789182,54.01459854014598,0.3407863794450448
2018-2022,RV Uthappa,1175,929,3,54,126.48008611410117,391.6666666666667,17.330462863293864,42.6264800861141,35.40372670807454,0.34063911194830315
2018-2022,LS Livingstone,548,327,2,23,167.58409785932722,274.0,23.853211009174313,33.33333333333333,51.28205128205128,0.33403943665635133
2018-2022,AM Rahane,1017,841,2,43,120.92746730083235,508.5,15.576694411414982,37.81212841854934,15.267175572519085,0.33298113296526755
2018-2022,DA Miller,892,674,2,37,132.34421364985164,446.0,14.836795252225517,30.712166172106826,35.0,0.3307543540012068
2018-2022,RA Jadeja,761,548,2,49,138.86861313868613,380.5,16.240875912408757,31.569343065693428,35.95505617977528,0.3150181733625842
2018-2022,KH Pandya,842,666,2,63,126.42642642642643,421.0,15.615615615615615,37.687687687687685,28.846153846153843,0.3040347024613135
2018-2022,WP Saha,870,706,2,39,123.22946175637395,435.0,16.997167138810198,39.09348441926346,15.833333333333332,0.30295778815365415
2018-2022,E Lewis,654,477,2,26,137.1069182389937,327.0,20.545073375262053,44.44444444444444,36.734693877551024,0.2846965325568658
2018-2022,Abhishek Sharma,666,492,2,34,135.3658536585366,333.0,18.089430894308943,37.19512195121951,28.08988764044944,0.2833211804072887
2018-2022,S Dube,686,515,2,33,133.20388349514562,343.0,16.310679611650485,36.699029126213595,45.23809523809524,0.2828514631963958
2018-2022,DJ Hooda,859,666,3,45,128.978978978979,286.3333333333333,13.813813813813812,32.28228228228228,39.130434782608695,0.28200155841955443
2018-2022,R Tewatia,703,541,2,43,129.9445471349353,351.5,16.081330868761555,37.15341959334565,39.08045977011494,0.27894988442002777
2018-2022,SPD Smith,772,643,2,31,120.06220839813375,386.0,13.685847589424572,33.592534992223946,17.045454545454543,0.27135887052431096
2018-2022,PA Patel,525,374,2,20,140.37433155080214,262.5,21.92513368983957,37.70053475935829,17.073170731707318,0.26142227739820695
2018-2022,BA Stokes,603,460,2,30,131.08695652173913,301.5,16.08695652173913,35.21739130434783,22.972972972972975,0.2574823511287826
2018-2022,YBK Jaiswal,542,403,2,23,134.49131513647643,271.0,20.595533498759306,42.67990074441687,26.506024096385545,0.2510571603893871
2018-2022,JM Sharma,234,143,2,10,163.63636363636365,117.0,23.776223776223777,33.56643356643357,35.294117647058826,0.24806886258129507
2018-2022,AK Markram,527,392,2,18,134.4387755102041,263.5,15.306122448979592,29.081632653061224,38.333333333333336,0.24728544145741965
2018-2022,K Gowtham,186,111,2,20,167.56756756756758,93.0,22.52252252252252,36.03603603603604,48.0,0.24609822328864328
2018-2022,Mandeep Singh,580,451,2,36,128.60310421286033,290.0,13.52549889135255,30.820399113082043,31.147540983606557,0.24577844622051476
2018-2022,PJ Cummins,300,193,2,20,155.440414507772,150.0,21.243523316062177,40.932642487046635,53.65853658536586,0.24390387821371923
2018-2022,RM Patidar,403,279,2,11,144.44444444444443,201.5,18.27956989247312,32.25806451612903,41.17647058823529,0.24182523723271937
2018-2022,Rashid Khan,297,193,2,38,153.8860103626943,148.5,20.72538860103627,39.37823834196891,52.5,0.2393460858215734
2018-2022,SM Curran,337,225,2,23,149.7777777777778,168.5,21.333333333333336,38.22222222222222,37.5,0.23893805584233635
2018-2022,V Shankar,629,523,2,37,120.26768642447419,314.5,11.663479923518166,34.41682600382409,44.26229508196721,0.2371419517852646
2018-2022,AR Patel,527,405,2,45,130.12345679012344,263.5,14.5679012345679,32.839506172839506,44.06779661016949,0.23665448533580505
2018-2022,PBB Rajapaksa,205,128,2,9,160.15625,102.5,22.65625,35.15625,44.827586206896555,0.232453714797595
2018-2022,R Parag,522,417,2,37,125.17985611510791,261.0,14.86810551558753,36.45083932853717,35.483870967741936,0.2232616369217534
2018-2022,R Ashwin,415,309,2,36,134.30420711974108,207.5,15.53398058252427,32.038834951456316,39.58333333333333,0.21975819515385836
2018-2022,VR Iyer,552,457,2,22,120.78774617067833,276.0,16.411378555798688,43.32603938730853,28.000000000000004,0.21972607364466973
2018-2022,R Powell,250,167,2,12,149.7005988023952,125.0,19.16167664670659,38.92215568862276,68.75,0.21762266645591324
2018-2022,DJ Bravo,292,204,2,29,143.13725490196077,146.0,17.15686274509804,33.82352941176471,48.57142857142857,0.21165201198030803
2018-2022,DP Conway,252,172,2,7,146.51162790697674,126.0,20.348837209302324,33.13953488372093,34.285714285714285,0.21025215023719201
2018-2022,JC Archer,182,119,2,21,152.94117647058823,91.0,19.327731092436977,33.61344537815126,52.17391304347826,0.2090942617224938
2018-2022,EJG Morgan,552,442,3,29,124.8868778280543,184.0,15.837104072398189,42.081447963800905,42.857142857142854,0.20897222328328763
2018-2022,Tilak Varma,397,302,2,14,131.4569536423841,198.5,14.90066225165563,30.79470198675497,35.55555555555556,0.20837313245171704
2018-2022,AJ Finch,482,400,2,26,120.5,241.0,15.5,42.5,29.03225806451613,0.2020198673327513
2018-2022,Mohammad Nabi,178,117,3,13,152.13675213675214,59.333333333333336,21.367521367521366,34.18803418803419,36.0,0.19941716901124631
2018-2022,KK Nair,338,259,2,18,130.5019305019305,169.0,15.057915057915059,31.66023166023166,33.33333333333333,0.1916940726518734
2018-2022,Abdul Samad,228,161,3,19,141.61490683229815,76.0,16.149068322981368,33.54037267080746,53.84615384615385,0.1837483559204019
2018-2022,D Brevis,161,113,2,7,142.47787610619469,80.5,22.123893805309734,46.017699115044245,44.0,0.1782183131084159
2018-2022,SN Khan,349,282,2,21,123.75886524822694,174.5,16.312056737588655,35.46099290780142,15.217391304347828,0.177753277549324
2018-2022,MR Marsh,251,190,2,9,132.10526315789474,125.5,17.36842105263158,39.473684210526315,42.42424242424242,0.17451868927047084
2018-2022,RK Singh,251,193,2,15,130.05181347150258,125.5,16.580310880829018,35.751295336787564,28.125,0.16945993580867083
2018-2022,MK Lomror,267,208,2,15,128.3653846153846,133.5,13.461538461538462,32.21153846153847,46.42857142857143,0.16919045703523702
2018-2022,Washington Sundar,308,251,2,27,122.70916334661355,154.0,13.94422310756972,36.65338645418327,25.71428571428571,0.16521171553946357
2018-2022,JJ Roy,270,214,2,10,126.16822429906543,135.0,17.75700934579439,41.1214953271028,21.052631578947366,0.16450612392899697
2018-2022,CH Morris,179,133,2,21,134.58646616541355,89.5,15.037593984962406,38.34586466165413,60.0,0.16314825928074483
2018-2022,YK Pathan,300,245,2,20,122.44897959183673,150.0,14.285714285714285,38.36734693877551,34.285714285714285,0.16262819043002352
2018-2022,SW Billings,271,219,2,17,123.74429223744292,135.5,14.15525114155251,40.63926940639269,45.16129032258064,0.158777491707615
2018-2022,SN Thakur,165,124,2,18,133.06451612903226,82.5,15.32258064516129,35.483870967741936,42.10526315789473,0.15599940947702967
2018-2022,M Shahrukh Khan,270,222,2,18,121.62162162162163,135.0,14.414414414414415,42.792792792792795,59.375,0.1533053907499151
2018-2022,JD Unadkat,159,120,2,16,132.5,79.5,15.833333333333332,35.833333333333336,31.57894736842105,0.15315178775178248
2018-2022,C Munro,147,111,2,8,132.43243243243242,73.5,21.62162162162162,47.74774774774775,33.33333333333333,0.1500715040021339
2018-2022,Shahbaz Ahmed,278,233,2,19,119.31330472103004,139.0,12.446351931330472,37.76824034334764,37.93103448275862,0.149561314229724
2018-2022,C de Grandhomme,171,132,2,12,129.54545454545453,85.5,14.393939393939394,38.63636363636363,57.89473684210527,0.148786978098911
2018-2022,JO Holder,209,167,2,19,125.1497005988024,104.5,14.37125748502994,41.31736526946108,62.5,0.14718498995300203
2018-2022,HV Patel,183,144,2,19,127.08333333333333,91.5,15.972222222222221,40.27777777777778,43.47826086956522,0.14563527478974284
2018-2022,SS Tiwary,218,177,2,9,123.1638418079096,109.0,12.994350282485875,28.8135593220339,21.73913043478261,0.14447812060778412
2018-2022,Shakib Al Hasan,291,253,2,20,115.01976284584981,145.5,13.438735177865613,35.177865612648226,17.647058823529413,0.14214065365907286
2018-2022,KS Bharat,198,161,2,8,122.98136645962734,99.0,12.422360248447205,34.78260869565217,40.0,0.1391722047818549
2018-2022,AD Hales,147,117,2,6,125.64102564102564,73.5,16.23931623931624,40.17094017094017,31.57894736842105,0.13334060825913496
2018-2022,A Badoni,161,130,2,11,123.84615384615385,80.5,13.846153846153847,36.92307692307693,38.88888888888889,0.13231833800462975
2018-2022,PK Garg,247,216,2,17,114.35185185185186,123.5,10.648148148148149,36.11111111111111,39.130434782608695,0.1298111913515452
2018-2022,B Sai Sudharsan,141,113,2,5,124.7787610619469,70.5,14.15929203539823,30.973451327433626,18.75,0.12975947160415768
2018-2022,CA Ingram,184,154,2,12,119.48051948051948,92.0,16.233766233766232,40.909090909090914,20.0,0.12714826511063393
2018-2022,S Gopal,166,142,2,19,116.90140845070422,83.0,14.084507042253522,35.91549295774648,10.0,0.11642378179533926
2018-2022,TK Curran,127,107,2,10,118.69158878504673,63.5,12.149532710280374,33.64485981308411,23.076923076923077,0.11136401860088369
2018-2022,K Rabada,131,112,2,20,116.96428571428572,65.5,14.285714285714285,43.75,31.25,0.10808001619474444
2018-2022,Gurkeerat Singh,169,150,2,8,112.66666666666667,84.5,14.000000000000002,38.0,9.523809523809524,0.10671978720344091
2018-2022,MS Wade,157,138,2,10,113.76811594202898,78.5,18.115942028985508,49.275362318840585,8.0,0.10651942208061019
2018-2022,KM Jadhav,299,304,2,23,98.35526315789474,149.5,11.842105263157894,45.39473684210527,19.444444444444446,0.10302956042789181
2018-2022,Yuvraj Singh,163,148,2,10,110.13513513513513,81.5,14.18918918918919,47.2972972972973,38.095238095238095,0.0990263462488509
2018-2022,Lalit Yadav,218,214,2,13,101.86915887850468,109.0,10.74766355140187,41.1214953271028,26.08695652173913,0.09201783794250544
2018-2022,Anuj Rawat,129,119,2,9,108.40336134453781,64.5,14.285714285714285,51.26050420168067,41.17647058823529,0.08650420675360422
2018-2022,SE Rutherford,106,104,2,9,101.92307692307692,53.0,10.576923076923077,49.03846153846153,72.72727272727273,0.06495493532949355
2018-2022,M Vijay,108,114,2,6,94.73684210526315,54.0,10.526315789473683,48.24561403508772,16.666666666666664,0.04773700339898372
2018-2022,Mohammed Siraj,96,107,2,17,89.7196261682243,48.0,11.214953271028037,52.336448598130836,16.666666666666664,0.03246306767447311
2018-2022,Kuldeep Yadav,85,105,2,15,80.95238095238095,42.5,7.6190476190476195,52.38095238095239,25.0,0.008193607467933467
2023-2026,V Kohli,2106,1428,2,45,147.47899159663865,1053.0,19.327731092436977,28.64145658263305,28.26086956521739,0.6628217776934275
2023-2026,Shubman Gill,1999,1290,2,45,154.96124031007753,999.5,20.232558139534884,27.209302325581397,27.586206896551722,0.6552729528293418
2023-2026,SA Yadav,1673,972,2,44,172.119341563786,836.5,26.234567901234566,30.967078189300413,32.549019607843135,0.6183835999384756
2023-2026,YBK Jaiswal,1650,1045,2,44,157.89473684210526,825.0,25.837320574162682,37.99043062200957,25.925925925925924,0.5777558931440506
2023-2026,H Klaasen,1488,864,2,41,172.22222222222223,744.0,21.875,23.14814814814815,47.61904761904761,0.5737155291458418
2023-2026,N Pooran,1384,759,2,44,182.34519104084322,692.0,27.40447957839262,31.620553359683797,49.03846153846153,0.5734006784475307
2023-2026,B Sai Sudharsan,1649,1118,2,36,147.49552772808588,824.5,19.67799642218247,28.264758497316638,22.272727272727273,0.5518942165094112
2023-2026,Abhishek Sharma,1197,645,2,42,185.58139534883722,598.5,30.077519379844965,34.72868217054263,41.23711340206185,0.5359660347111697
2023-2026,P Simran Singh,1321,842,2,47,156.88836104513064,660.5,24.70308788598575,39.19239904988123,34.61538461538461,0.4953891848599051
2023-2026,F du Plessis,1363,904,2,38,150.77433628318585,681.5,20.9070796460177,32.190265486725664,34.39153439153439,0.4905254456217903
2023-2026,PD Salt,1059,602,2,35,175.91362126245846,529.5,29.73421926910299,36.7109634551495,31.28491620111732,0.47864006914635177
2023-2026,TM Head,993,550,2,29,180.54545454545453,496.5,31.09090909090909,34.72727272727273,29.239766081871345,0.47402471499789567
2023-2026,JC Buttler,1323,898,2,39,147.3273942093541,661.5,20.489977728285076,33.96436525612472,28.26086956521739,0.4723210079020515
2023-2026,RD Gaikwad,1297,902,2,35,143.79157427937918,648.5,18.8470066518847,33.03769401330377,30.58823529411765,0.45729708259180146
2023-2026,Ishan Kishan,1221,810,2,44,150.74074074074073,610.5,23.08641975308642,36.666666666666664,28.87700534759358,0.4559623788475711
2023-2026,RG Sharma,1236,840,2,46,147.14285714285717,618.0,23.095238095238095,41.30952380952381,34.5360824742268,0.4507411376672902
2023-2026,SV Samson,1182,787,2,39,150.19059720457432,591.0,20.584498094027953,32.27445997458704,37.65432098765432,0.44513713644019604
2023-2026,V Suryavanshi,304,138,1,8,220.28985507246378,304.0,36.95652173913043,34.78260869565217,56.86274509803921,0.4390857785930038
2023-2026,S Dube,1164,779,2,43,149.42233632862644,582.0,18.613607188703465,33.37612323491656,57.24137931034483,0.4388737531681035
2023-2026,SS Iyer,972,593,2,32,163.9123102866779,486.0,22.259696458684655,27.65598650927487,41.66666666666667,0.42794911510124173
2023-2026,Tilak Varma,1113,744,2,38,149.59677419354838,556.5,19.489247311827956,31.72043010752688,39.310344827586206,0.4269197169180423
2023-2026,AM Rahane,1033,699,2,37,147.78254649499286,516.5,19.313304721030043,32.474964234620884,35.55555555555556,0.4030247734326647
2023-2026,SP Narine,767,442,2,37,173.52941176470588,383.5,29.86425339366516,44.34389140271493,41.66666666666667,0.40186331801676956
2023-2026,MP Stoinis,948,619,2,41,153.15024232633277,474.0,21.163166397415186,35.54119547657512,44.274809160305345,0.39560868374937563
2023-2026,KL Rahul,1334,985,3,37,135.4314720812183,444.6666666666667,17.15736040609137,32.38578680203046,25.443786982248522,0.3952930808042447
2023-2026,MR Marsh,851,544,2,27,156.43382352941177,425.5,23.52941176470588,37.5,39.0625,0.3801444679135944
2023-2026,R Parag,1057,695,3,36,152.0863309352518,352.3333333333333,19.85611510791367,32.805755395683455,47.82608695652174,0.3795259896589865
2023-2026,VR Iyer,910,611,2,34,148.93617021276594,455.0,20.458265139116204,34.697217675941076,34.4,0.3760000292989456
2023-2026,RK Singh,900,602,2,38,149.5016611295681,450.0,19.601328903654487,31.893687707641195,38.983050847457626,0.37496494790611845
2023-2026,RM Patidar,738,452,2,28,163.27433628318585,369.0,21.68141592920354,30.08849557522124,51.02040816326531,0.36955778725711064
2023-2026,J Fraser-McGurk,379,191,2,15,198.42931937172773,189.5,35.602094240837694,42.93193717277487,42.64705882352941,0.36899142717491173
2023-2026,Priyansh Arya,552,306,2,19,180.3921568627451,276.0,30.065359477124183,36.60130718954248,34.78260869565217,0.3665638661287939
2023-2026,JM Sharma,750,486,2,38,154.320987654321,375.0,21.39917695473251,36.21399176954733,47.11538461538461,0.35041469181236135
2023-2026,Shashank Singh,708,448,2,29,158.03571428571428,354.0,20.089285714285715,27.455357142857146,43.333333333333336,0.34936766644579637
2023-2026,TH David,658,404,2,36,162.87128712871285,329.0,21.03960396039604,30.94059405940594,50.588235294117645,0.34913933720247203
2023-2026,AK Markram,918,678,2,38,135.39823008849558,459.0,16.07669616519174,30.8259587020649,31.19266055045872,0.344591337602668
2023-2026,C Green,719,469,2,30,153.30490405117268,359.5,20.255863539445627,28.35820895522388,33.68421052631579,0.340384140134232
2023-2026,HH Pandya,799,550,2,41,145.27272727272725,399.5,18.545454545454547,32.0,38.23529411764706,0.3400220818219046
2023-2026,Dhruv Jurel,698,451,2,36,154.7671840354767,349.0,20.620842572062084,30.376940133037696,40.86021505376344,0.33888732424141566
2023-2026,T Stubbs,742,459,3,29,161.6557734204793,247.33333333333334,20.043572984749456,22.875816993464053,41.30434782608695,0.3385120544001228
2023-2026,AD Russell,607,373,2,33,162.73458445040214,303.5,25.46916890080429,42.89544235924933,50.526315789473685,0.3364187940783368
2023-2026,Naman Dhir,397,218,2,20,182.11009174311928,198.5,27.981651376146786,29.357798165137616,37.704918032786885,0.33315911548124805
2023-2026,A Badoni,801,566,2,36,141.51943462897526,400.5,16.431095406360424,30.03533568904594,33.33333333333333,0.3312613369470495
2023-2026,DP Conway,827,598,2,21,138.2943143812709,413.5,19.39799331103679,34.78260869565217,18.96551724137931,0.3296294222065265
2023-2026,AR Patel,773,548,2,37,141.05839416058393,386.5,18.613138686131386,34.306569343065696,38.23529411764706,0.3233266128006412
2023-2026,RR Pant,722,498,2,27,144.97991967871485,361.0,20.281124497991968,37.34939759036144,40.5940594059406,0.32060367325723615
2023-2026,M Shahrukh Khan,466,274,2,31,170.07299270072994,233.0,23.357664233576642,29.1970802919708,48.4375,0.32025976545853657
2023-2026,Abishek Porel,660,440,2,29,150.0,330.0,20.909090909090907,32.27272727272727,29.347826086956523,0.31791605697983827
2023-2026,MS Dhoni,459,271,2,36,169.37269372693726,229.5,23.616236162361623,30.996309963099634,54.6875,0.3168348183606303
2023-2026,RA Jadeja,757,541,2,37,139.9260628465804,378.5,15.711645101663585,26.80221811460259,31.76470588235294,0.31665196586060823
2023-2026,N Wadhera,721,506,2,32,142.4901185770751,360.5,19.565217391304348,37.15415019762846,39.39393939393939,0.31422713201625396
2023-2026,KD Karthik,462,277,2,26,166.7870036101083,231.0,23.826714801444044,30.685920577617328,40.909090909090914,0.3111933269240128
2023-2026,A Mhatre,240,128,2,8,187.5,120.0,32.8125,32.8125,26.190476190476193,0.3083147765192829
2023-2026,N Rana,683,476,2,28,143.48739495798318,341.5,21.638655462184875,38.865546218487395,30.097087378640776,0.30745683801447454
2023-2026,GJ Maxwell,500,310,2,29,161.29032258064515,250.0,23.870967741935484,37.41935483870968,45.94594594594595,0.3068791619333209
2023-2026,Abdul Samad,546,351,2,33,155.55555555555557,273.0,20.51282051282051,33.33333333333333,51.388888888888886,0.3039210150712716
2023-2026,SO Hetmyer,657,432,3,35,152.08333333333331,219.0,18.51851851851852,31.712962962962965,51.24999999999999,0.2975012965328525
2023-2026,A Raghuvanshi,566,377,2,20,150.13262599469496,283.0,20.689655172413794,28.647214854111407,25.64102564102564,0.2954177970884546
2023-2026,RR Rossouw,418,255,2,17,163.92156862745097,209.0,25.098039215686274,35.294117647058826,34.375,0.29345017848690147
2023-2026,RD Rickelton,469,298,2,15,157.38255033557047,234.5,25.503355704697988,40.604026845637584,32.89473684210527,0.2897248224045653
2023-2026,DA Miller,618,436,2,32,141.74311926605506,309.0,17.201834862385322,29.357798165137616,33.33333333333333,0.2873765095397865
2023-2026,Ashutosh Sharma,386,236,2,18,163.55932203389833,193.0,21.610169491525426,31.35593220338983,52.94117647058824,0.2847875607712703
2023-2026,DA Warner,684,515,2,22,132.81553398058253,342.0,20.58252427184466,41.94174757281554,18.867924528301888,0.28140911093926096
2023-2026,Aniket Verma,280,164,2,14,170.73170731707316,140.0,23.78048780487805,36.58536585365854,61.53846153846154,0.27671819428487504
2023-2026,D Padikkal,606,441,2,29,137.41496598639455,303.0,19.727891156462583,37.641723356009074,27.586206896551722,0.273800106570283
2023-2026,JM Bairstow,383,241,2,13,158.92116182572613,191.5,24.481327800829874,36.51452282157676,32.20338983050847,0.2726328149388215
2023-2026,LS Livingstone,487,328,2,24,148.47560975609758,243.5,19.51219512195122,35.36585365853659,53.125,0.27215296920577253
2023-2026,WG Jacks,457,302,2,19,151.3245033112583,228.5,21.85430463576159,36.423841059602644,42.42424242424242,0.2718867586662128
2023-2026,Rashid Khan,268,158,2,26,169.62025316455694,134.0,24.68354430379747,39.24050632911392,48.717948717948715,0.27106625518358574
2023-2026,SM Curran,649,500,2,30,129.8,324.5,15.2,33.0,30.263157894736842,0.2654815590684411
2023-2026,KK Nair,198,114,2,8,173.6842105263158,99.0,29.82456140350877,35.96491228070175,29.411764705882355,0.2640806403988559
2023-2026,V Shankar,497,349,2,22,142.40687679083095,248.5,17.478510028653297,29.799426934097422,32.78688524590164,0.2596305989852095
2023-2026,JP Inglis,278,171,2,11,162.5730994152047,139.0,24.561403508771928,36.84210526315789,38.095238095238095,0.25613350716736
2023-2026,R Tewatia,382,251,2,31,152.19123505976094,191.0,21.115537848605577,33.067729083665334,35.84905660377358,0.25581055860434715
2023-2026,Q de Kock,545,403,2,23,135.23573200992556,272.5,18.858560794044664,38.95781637717122,36.84210526315789,0.2536195175188534
2023-2026,D Brevis,294,184,2,9,159.7826086956522,147.0,20.652173913043477,32.608695652173914,57.89473684210527,0.2531441288947065
2023-2026,S Dhawan,520,379,2,16,137.20316622691294,260.0,21.63588390501319,41.42480211081794,19.51219512195122,0.25239589266122775
2023-2026,SE Rutherford,290,184,2,11,157.6086956521739,145.0,21.73913043478261,32.065217391304344,45.0,0.24681733311381435
2023-2026,Nithish Kumar Reddy,524,394,2,24,132.99492385786803,262.0,15.48223350253807,33.50253807106599,42.62295081967213,0.24299999944671907
2023-2026,R Ravindra,408,284,2,18,143.66197183098592,204.0,19.366197183098592,33.45070422535211,29.09090909090909,0.24111168057507804
2023-2026,MK Lomror,259,164,2,20,157.9268292682927,129.5,21.341463414634145,32.31707317073171,48.57142857142857,0.24007367763844478
2023-2026,Ramandeep Singh,180,109,2,18,165.1376146788991,90.0,20.18348623853211,30.275229357798167,68.18181818181817,0.23865502528601543
2023-2026,KR Mayers,373,258,2,13,144.5736434108527,186.5,22.868217054263564,48.06201550387597,35.59322033898305,0.2348589529065635
2023-2026,JJ Roy,285,187,2,8,152.40641711229947,142.5,25.668449197860966,40.106951871657756,25.0,0.23278722168181892
2023-2026,PP Shaw,303,205,2,16,147.8048780487805,151.5,25.365853658536587,38.53658536585366,11.538461538461538,0.2258218931851422
2023-2026,WP Saha,506,400,2,26,126.49999999999999,253.0,19.0,41.75,14.473684210526317,0.22262875837010965
2023-2026,PJ Cummins,230,152,2,19,151.3157894736842,115.0,19.736842105263158,36.18421052631579,50.0,0.21674537104368607
2023-2026,DJ Mitchell,318,223,2,13,142.60089686098652,159.0,16.591928251121075,26.45739910313901,27.027027027027028,0.2166439678957789
2023-2026,RA Tripathi,479,382,2,24,125.39267015706805,239.5,17.539267015706805,40.575916230366495,23.88059701492537,0.21334469415479412
2023-2026,Atharva Taide,260,177,2,10,146.89265536723164,130.0,21.468926553672315,35.59322033898305,21.052631578947366,0.21313337853238584
2023-2026,MA Agarwal,425,329,2,18,129.1793313069909,212.5,16.717325227963524,35.25835866261398,16.363636363636363,0.2095610538733461
2023-2026,Rahmanullah Gurbaz,357,268,2,18,133.2089552238806,178.5,20.522388059701495,49.25373134328358,38.18181818181819,0.20297649537515025
2023-2026,SD Hope,183,122,2,9,150.0,91.5,19.672131147540984,36.885245901639344,50.0,0.20209137770824256
2023-2026,Sameer Rizvi,242,169,2,10,143.19526627218934,121.0,19.526627218934912,37.8698224852071,39.39393939393939,0.19965397354980569
2023-2026,KH Pandya,426,354,2,32,120.33898305084745,213.0,12.994350282485875,38.70056497175141,32.608695652173914,0.18802532988269274
2023-2026,AT Rayudu,158,113,2,12,139.8230088495575,79.0,16.8141592920354,31.858407079646017,47.368421052631575,0.1709494868827772
2023-2026,Washington Sundar,211,157,2,12,134.39490445859872,105.5,15.92356687898089,29.29936305732484,28.000000000000004,0.1704465486297142
2023-2026,MM Ali,255,199,2,17,128.14070351758795,127.5,16.582914572864322,39.19597989949749,42.42424242424242,0.1657231179707156
2023-2026,Sikandar Raza,182,136,2,9,133.8235294117647,91.0,14.705882352941178,38.23529411764706,40.0,0.1619971919081304
2023-2026,MK Pandey,293,240,2,13,122.08333333333334,146.5,13.333333333333334,34.166666666666664,31.25,0.16002767335988435
2023-2026,Shahbaz Ahmed,281,229,2,20,122.70742358078604,140.5,11.353711790393014,31.4410480349345,53.84615384615385,0.1586513156373995
2023-2026,Anuj Rawat,189,148,2,12,127.7027027027027,94.5,15.54054054054054,35.810810810810814,30.434782608695656,0.1486180296138359
2023-2026,Harpreet Brar,138,108,2,17,127.77777777777777,69.0,16.666666666666664,37.96296296296296,27.77777777777778,0.13641920925221693
2023-2026,HC Brook,186,153,2,11,121.56862745098039,93.0,16.99346405228758,42.48366013071895,15.384615384615385,0.13277803867639817
2023-2026,R Ashwin,186,154,2,21,120.7792207792208,93.0,13.636363636363635,37.66233766233766,38.095238095238095,0.13083330452488937
2023-2026,A Manohar,184,160,2,13,114.99999999999999,92.0,12.5,40.625,55.00000000000001,0.11611033046682806
2023-2026,DJ Hooda,254,235,2,26,108.08510638297872,127.0,11.063829787234042,37.87234042553192,19.230769230769234,0.11607255249630653
2023-2026,M Jansen,141,129,2,17,109.30232558139534,70.5,10.852713178294573,38.759689922480625,42.857142857142854,0.0916326686528178
2023-2026,Aman Hakim Khan,110,101,2,9,108.91089108910892,55.0,12.871287128712872,48.51485148514851,46.15384615384615,0.08314096444337656
2023-2026,Kuldeep Yadav,96,105,2,20,91.42857142857143,48.0,10.476190476190476,47.61904761904761,9.090909090909092,0.036673121034483586
2023-2026,B Kumar,79,101,2,16,78.21782178217822,39.5,7.920792079207921,54.45544554455446,0.0,0.0
